id	main_id	ra	dec	otype
"PK 151+02  1"	"LBN 151.25+02.12"	64.92088	53.14204	"HII"
"PK 102-05  1"	"PN A66   80"	338.69003189956	52.4349527839	"PN"
"PK 123+34  1"	"IC 3568"	188.27856215089	82.56394517878	"PN"
"PK 289+01  1"	"WRAY 16-84"	165.81613939134	-58.45724062091	"No*"
"PK 332-09  1"	"CPD-56  8032"	257.2538659938558	-56.91329552292667	"PN"
"PK 328-01  1"	"IRAS 15579-5445"	240.46192908968996	-54.89445465708	"PN"
"PK 017-01  1"	"VSP 2-18"	276.80569999999994	-14.143199999999998	"PN"
"PK 014+04  1"	"PN Sa  3-111"	270.27811308421957	-14.505914797064724	"PN"
"PK 006+04  1"	"PN H  2-18"	265.86979884416746	-21.16433756736361	"PN"
"PK 093+05  1"	"NGC  7008"	315.13674000000003	54.54316	"PN"
"PK 137+16  1"	"NAME Camel Galaxy"	66.31916666666667	72.80666666666666	"LSB"
"PK 275-03  2"	"WRAY 17-30"	141.13499097949	-54.78237246521	"LP?"
"PK 004-05  2"	"EM* AS  294"	273.9429519728	-27.89616880391	"LP*"
"PK 334+03  1"	"WRAY 16-206"	243.15614039667	-46.62691044901	"WR*"
"PK 309+00  2"	"WRAY 16-136"	207.38567647081	-61.528408937710005	"WR*"
"PK 001+00  1"	"[B61]  9"	266.47991765648993	-26.96967144746	"Em*"
"PK 346-04  1"	"PN Sa  2-202"	262.29156368701	-42.54595497273001	"PN"
"PK 334+00  1"	"PN Pe  2-9"	246.23905406028	-48.727822377219994	"Em*"
"PK 217+14  1"	"PN A66   24"	117.90647315719	3.0058769117800006	"PN"
"PK 080-06  1"	"V* V1610 Cyg"	315.576125	36.69361111111111	"pA*"
"PK 083-08  1"	"PN G083.9-08.4"	320.5640586966	38.12089828899	"PN"
"PK 086-08  1"	"PN Hu  1-2"	323.284627601	39.63598734132	"PN"
"PK 107-13  1"	"PN Vy  2-3"	350.74126801609	46.89946483246	"PN"
"PK 078-02  1"	"PN K  4-53"	310.5697666666667	37.67377222222222	"PN"
"PK 084-04  1"	"PN K  3-80"	316.91531391691	40.96457261682	"PN"
"PK 100-08  1"	"PN Me  2-2"	337.9319807425	47.80106579073	"PN"
"PK 099-08  1"	"PN HDW   13"	337.64012499999995	47.52388888888889	"PN"
"PK 110-12  1"	"PN K  1-20"	354.795175	48.20807500000001	"PN"
"PK 084-03  1"	"NGC  7027"	316.75654979999996	42.236242000000004	"PN"
"PK 087-03  1"	"PN We  2-245"	319.53095833333333	43.81274166666667	"PN"
"PK 089-05  1"	"IC 5117"	323.129038	44.596539	"PN"
"PK 091-04  1"	"PN K  3-84"	324.70417523717	46.00769269889	"PN"
"PK 104-06  1"	"LS III +51   42"	342.9121548414	51.84512245399	"Em*"
"PK 112-10  1"	"PN A66   84"	356.93355960171994	51.39921165369	"PN"
"PK 130-11  1"	"PN M  1-1"	24.33067664078	50.46981779701	"PN"
"PK 144-15  1"	"PN A66    4"	41.348548386749165	42.55127544112055	"PN"
"PK 079+00  1"	"PN KjPn    4"	307.07175	40.33580555555556	"PN?"
"PK 078+00  1"	"PN Sd    1"	307.32887916666664	40.25572222222222	"PN"
"PK 077+02  1"	"PN Kj  2-1"	304.30179191825	39.763379949240004	"PN?"
"PK 089-00  1"	"SH  1-89"	318.53178333333335	47.772825	"PN"
"PK 088-01  1"	"NGC  7048"	318.5632820424063	46.288084395584995	"PN"
"PK 089-02  1"	"PN M  1-77"	319.78070189449	46.31310018421	"PN"
"PK 093-02  1"	"PN M  1-79"	324.25625	48.93406111111111	"PN"
"PK 095-02  1"	"PN M  2-49"	325.8233333333333	50.42066666666666	"PN"
"PK 097-02  1"	"PN G097.6-02.4"	329.42410270401	51.69424718793001	"PN"
"PK 100-05  1"	"IC 5217"	335.98215839050994	50.96679565007	"PN"
"PK 108-05  1"	"V* LL Cas"	347.33401898733	54.7472349393	"Mi*"
"PK 106-04  1"	"PN K  3-86"	343.6884166666666	54.93369444444444	"PN"
"PK 113-06  1"	"PN A66   83"	356.6946208333333	54.74380277777778	"PN"
"PK 119-06  1"	"PN Hu  1-1"	7.064312499999999	55.965133333333334	"PN"
"PK 118-08  1"	"PN Vy  1-1"	4.67572179064	53.87216072861	"PN"
"PK 124-07  1"	"PN WeSb    1"	15.2254412139625	55.06667601543195	"PN"
"PK 130-10  1"	"M  76"	25.58189905342	51.57542638057	"PN"
"PK 077+03  2"	"PN KjPn    2"	303.84245833333335	40.579055555555556	"PN"
"PK 077+03  1"	"EM* AS  389"	303.1000842725	40.75817686211	"Em*"
"PK 084+01  1"	"PN K  4-55"	311.29175416666664	44.65405	"PN"
"PK 084+02  1"	"PN K  4-54"	310.72201464935995	45.941978172469994	"LP*"
"PK 089+00  1"	"NGC  7026"	316.57738475622	47.85188187105	"PN"
"PK 091+01  1"	"PN G091.6+01.8"	317.71843750000005	50.78734166666666	"PN"
"PK 093-00  1"	"PN K  3-82"	322.71448036426	50.002351604	"PN"
"PK 093+01  1"	"IRAS 21190+5140"	320.1868333333333	51.89097222222223	"HII"
"PK 094-00  1"	"PN K  3-83"	323.932639	50.90451000000001	"PN"
"PK 095+00  1"	"PN K  3-62"	322.95910743763	52.56432549611	"PN"
"PK 102-02  1"	"PN G102.9-02.3"	336.5719476793299	54.82729005508	"PN"
"PK 104-01  1"	"PN M  2-53"	338.07383333333337	56.173922222222224	"PN"
"PK 107-02  2"	"PN K  3-87"	343.77889481724	56.70861739018999	"PN"
"PK 107-02  1"	"PN M  1-80"	344.08291099999997	57.155795999999995	"PN"
"PK 111-03  1"	"PN We  2-260"	350.59583333333336	57.77333333333333	"PN?"
"PK 111-02  1"	"PN Hb   12"	351.56176515686	58.18181758121	"PN"
"PK 114-04  1"	"PN G114.0-04.6"	356.44895873241	57.06623417784	"PN"
"PK 120-05  1"	"SH  2-176"	7.952499999999998	57.382880555555545	"PN"
"PK 120-05"	"SH  2-176"	7.952499999999998	57.382880555555545	"PN"
"PK 122-04  1"	"PN A66    2"	11.394491666666667	57.9596888888889	"PN"
"PK 133-08  1"	"V* V471 Per"	29.706936066180003	52.89679522182	"EB*"
"PK 141-07  1"	"PN A66    5"	43.06279583333333	50.59835	"PN"
"PK 147-09  1"	"PN HaWe    3"	49.1418306267	46.89369369318	"PN?"
"PK 149-09  1"	"PN HDW    3"	51.81422008625	45.40566411358001	"PN"
"PK 078+05  1"	"PN Dd    1"	302.17949999999996	42.50310833333333	"PN"
"PK 079+06  1"	"PN K  3-56"	301.73077083333334	44.23851388888889	"PN"
"PK 079+05  1"	"PN M  4-17"	302.2580291666667	43.72876111111111	"PN"
"PK 086+05  1"	"PN G086.1+05.4"	307.96826666666664	48.88051388888889	"PN"
"PK 085+04  1"	"PN A66   71"	308.09673333333336	47.34733611111111	"PN"
"PK 088+04  1"	"PN K  3-78"	311.34453576485	50.37773891281	"PN"
"PK 096+02  1"	"PN K  3-61"	322.50315237460995	54.45755419742	"PN"
"PK 096+01  1"	"PN K  4-45"	323.8377541666666	53.78644722222222	"Y*O"
"PK 098+02  1"	"PN K  3-63"	324.7999	55.767761111111106	"PN"
"PK 104+00  1"	"PN Bl  2-1"	335.06928	58.237934	"PN"
"PK 103+00  2"	"PN M  2-52"	335.12676999999996	57.60545694444444	"PN"
"PK 103+00  1"	"PN M  2-51"	334.0162083333333	57.47604166666667	"PN"
"PK 108+00  1"	"PN K  3-85"	342.71823444588	59.50532057996999	"Em*"
"PK 107-00  1"	"PN K  4-57"	342.14302157242	58.48563004118	"PN"
"PK 110-01  1"	"PN WeSb    6"	348.26624999999996	59.29694444444444	"PN"
"PK 110-00  1"	"V* V807 Cas"	348.05409618817	59.59975785935	"El*"
"PK 112-00  1"	"PN KjPn    8"	351.04363333333333	60.95854166666667	"PN"
"PK 121-02  1"	"PK 121-02  1"	9.675	60.266666666666666	"?"
"PK 128-04  1"	"SH  2-188"	22.638241073129997	58.41397930163	"PN"
"PK 129-05  1"	"PN G129.6-05.6"	25.024429166666664	56.58187222222222	"PN"
"PK 131-05  1"	"PN G131.4-05.4"	28.264299999999995	56.40475277777777	"PN"
"PK 082+07  1"	"NGC  6884"	302.59851032684	46.46100883178	"PN"
"PK 088+06  1"	"LEDA  166684"	308.87021940212003	51.59094407294	"rG"
"PK 093+05  2"	"NGC  7008"	315.13674000000003	54.54316	"PN"
"PK 092+05  1"	"PN K  3-79"	313.30639583333334	53.7616	"PN"
"PK 098+04  1"	"PN K  3-60"	321.860331	57.651714	"PN"
"PK 107+02  1"	"NGC  7354"	340.08280569342	61.28576296827001	"PN"
"PK 116+00  1"	"PN We  2-262"	358.07495234323886	62.53644949510759	"PN?"
"PK 119+00  1"	"PN BV    1"	5.001874999999999	62.98421111111111	"PN"
"PK 121+00  1"	"PN BV    2"	10.090058333333333	62.859522222222225	"PN"
"PK 127-01  1"	"PN K  4-59"	22.637823085610002	60.52208267959	"Em*"
"PK 129-02  1"	"PN G129.2-02.0"	25.658333333333335	60.162366666666664	"PN"
"PK 132-00  1"	"IRAS 02044+6031"	32.02098147503	60.76683419508999	"Y*O"
"PK 084+09  1"	"PN K  3-73"	300.9998041666667	49.318375	"PN"
"PK 095+07  1"	"PN A66   73"	314.11263333333335	57.43418055555555	"PN"
"PK 114+03  1"	"SH  2-167"	353.8767561974037	64.87192922990857	"HII"
"PK 113+05  1"	"2MASS J23091627+6647306"	347.31784842815	66.79175103191	"Em*"
"PK 112+03  1"	"PN K  3-88"	348.0645583333333	64.654925	"PN"
"PK 118+02  1"	"SH  1-118"	1.8339073896500004	64.95590445082	"PN"
"PK 121+03  1"	"PN G121.6+03.5"	9.725741666666666	66.39684166666667	"PN"
"PK 124+02  1"	"PN G124.0+02.9"	15.601895800370002	65.77569236778	"PN"
"PK 126+03  1"	"PN K  3-90"	21.24423347157	65.6433605957	"PN"
"PK 130+01  1"	"IC 1747"	29.39870800127	63.32179092466	"PN"
"PK 147-02  1"	"PN M  1-4"	55.43091307073	52.28340762551	"PN"
"PK 150-03"	"PN IsWe    1"	57.27460565837	50.004138477219996	"PN"
"PK 150-03  1"	"PN IsWe    1"	57.27460565837	50.004138477219996	"PN"
"PK 082+11  1"	"NGC  6833"	297.44402811438	48.96114257691001	"PN"
"PK 083+12  1"	"NGC  6826"	296.20062509412	50.52506917637	"PN"
"PK 101+08  1"	"NGC  7076"	321.59808333333336	62.892174999999995	"PN"
"PK 104+07  1"	"NGC  7139"	326.535775	63.791513888888886	"PN"
"PK 107+07  1"	"PN G107.7+07.8"	333.34382235064	65.8987232333	"PN"
"PK 108+08"	"PN G107.7+07.8"	333.34382235064	65.8987232333	"PN"
"PK 111+06  1"	"PN KjPn    6"	342.25907188701	67.02729237217	"PN"
"PK 113+06  1"	"PN KjPn    7"	346.9166666666667	66.98833333333333	"PN?"
"PK 119+06  1"	"PN A66    1"	3.229166666666667	69.17333333333333	"PN"
"PK 129+04  1"	"PN K  3-91"	29.651122883890004	66.5662492734	"PN"
"PK 130+03  1"	"PN K  3-92"	30.92154583333333	64.96052222222222	"PN"
"PK 131+02  1"	"PN A66    3"	33.02776467542	64.15064801706	"PN"
"PK 132+04  1"	"PN K  3-93"	36.625062500000006	65.79808055555554	"PN"
"PK 138+02  1"	"IC  289"	47.58042305376	61.316920423170004	"PN"
"PK 153-01  1"	"PN K  3-65"	63.97720833333332	48.827805555555564	"PN"
"PK 077+14  1"	"PN A66   61"	289.79251136779	46.24777050590999	"PN"
"PK 077+14"	"PN A66   61"	289.79251136779	46.24777050590999	"PN"
"PK 110+12"	"WD 2218+706"	334.89034444260994	70.93421743764	"WD*"
"PK 111+11  1"	"WD 2218+706"	334.89034444260994	70.93421743764	"WD*"
"PK 114+10  1"	"UGC 12261"	344.1612896	71.4792975	"AG?"
"PK 116+08  1"	"PN M  2-55"	352.96961666666664	70.369475	"PN"
"PK 118+08  1"	"PN M  2-56"	359.15168738598	70.80506850278	"pA*"
"PK 120+09  1"	"NGC    40"	3.25423754052	72.5219537052	"PN"
"PK 118+08  2"	"PN A66   86"	0.37905833333333333	70.7083138888889	"PN"
"PK 136+04  1"	"PN A66    6"	44.674432769984584	64.50174334988388	"PN"
"PK 136+05"	"PN HFG    1"	45.94587365126	64.9098660212	"PN"
"PK 136+05  1"	"PN HFG    1"	45.94587365126	64.9098660212	"PN"
"PK 138+04  1"	"PN HDW    2"	47.74525	62.79858333333333	"PN"
"PK 142+03  1"	"PN K  3-94"	54.03369166666666	60.06285833333333	"PN"
"PK 151+00  1"	"PN K  3-64"	63.3635625	51.850255555555556	"PN"
"PK 158+00  1"	"SH  2-216"	70.83859926169	46.70162088691	"PN"
"PK 160-00  1"	"PN G160.5-00.5"	71.67933333333333	44.46711111111111	"PN"
"PK 124+10  1"	"PN HDW    1"	16.781763920849997	73.55651324428	"PN"
"PK 124+10  7"	"PN HDW    1"	16.781763920849997	73.55651324428	"PN"
"PK 144+06  1"	"NGC  1501"	61.74746704555	60.920632928340005	"PN"
"PK 147+04  1"	"PN M  2-2"	63.312619352709994	56.94955772461	"PN"
"PK 149+04  1"	"PN K  4-47"	65.18842461764	56.303365309259995	"PN"
"PK 078+18  1"	"NGC  6742"	284.83345833333334	48.46534444444445	"PN"
"PK 146+07  1"	"PN M  4-18"	66.46181506781	60.12021679075001	"PN"
"PK 117+18  1"	"IC 1454"	340.60257999655	80.44201308472	"PN"
"PK 156+12  1"	"PN HDW    4"	84.48431009241	55.53770865489	"PN"
"PK 094+27  1"	"PN K  1-16"	275.46711951582	64.36483508114	"PN"
"PK 144+24  1"	"EGB  4"	97.39150014745002	71.07677628155	"CV*"
"PK 158+17  1"	"PN PuWe    1"	94.89142856127	55.61219653839	"PN"
"PK 153+22  1"	"PN A66   16"	100.98090868597	61.79018253695	"PN"
"PK 075+35  1"	"PN Sa  4-1"	258.45979638103	49.26972958016	"PN"
"PK 075+35"	"PN Sa  4-1"	258.45979638103	49.26972958016	"PN"
"PK 076+36"	"PN Sa  4-1"	258.45979638103	49.26972958016	"PN"
"PK 094+38  1"	"EGB  7"	251.87362500000003	64.12488888888889	"PN?"
"PK 095+38"	"EGB  7"	251.87362500000003	64.12488888888889	"PN?"
"PK 095+38  1"	"EGB  7"	251.87362500000003	64.12488888888889	"PN?"
"PK 170+15"	"NGC  2242"	98.53061791728	44.77716333248	"PN"
"PK 170+15  1"	"NGC  2242"	98.53061791728	44.77716333248	"PN"
"PK 158+37  1"	"PN A66   28"	130.39814568511	58.23010684998	"PN"
"PK 158+37"	"PN A66   28"	130.39814568511	58.23010684998	"PN"
"PK 164+31  1"	"PN ARO  121"	119.46507051555	53.42137513468	"PN"
"PK 148+57  1"	"M  97"	168.69880122825	55.01902300891	"PN"
"PK 220-53  1"	"NGC  1360"	53.31102855331001	-25.87166045775	"PN"
"PK 156-13  1"	"PN HaWe    5"	56.36117156784	37.81450496333	"PN"
"PK 159-15  1"	"IC  351"	56.88741935131	35.04684420203	"PN"
"PK 171-25  1"	"PN Ba    1"	58.4022875	19.49406111111111	"PN"
"PK 161-14  1"	"IC 2003"	59.09161841126999	33.87521110473	"PN"
"PK 165-15  1"	"NGC  1514"	62.32077328068	30.775964141030002	"PN"
"PK 165-06  1"	"PN K  3-67"	69.949701	36.761841000000004	"PN"
"PK 167-09  1"	"PN K  3-66"	69.1551562981	33.65835408055	"PN"
"PK 174-14  1"	"PN H  3-29"	69.34818750000001	25.04552777777778	"PN"
"PK 166-06  1"	"RAFGL  618"	70.72343418025	36.11483358395	"pA*"
"PK 163-00  1"	"PN G163.1-00.8"	73.62910000000001	42.27802777777778	"PN"
"PK 205-26  1"	"PN MaC  2-1"	75.92438685913	-6.167507540489999	"PN"
"PK 215-30  1"	"PN A66    7"	75.78138642496	-15.606311337320001	"PN"
"PK 243-37"	"PN PRTM    1"	75.75721626934	-39.762368339169996	"PN"
"PK 167-00  1"	"PN A66    8"	76.66007749112	39.13574117967999	"PN"
"PK 173-05  1"	"LBN   809"	76.78790000000001	30.824480555555557	"RNe"
"PK 190-17  1"	"Jonckheere  320"	76.39282407943	10.706367993930002	"PN"
"PK 169-00  1"	"IC 2120"	79.537	37.53786	"HII"
"PK 172+00  1"	"PN A66    9"	82.23625	36.05138888888889	"PN?"
"PK 178-02  1"	"PN K  3-68"	82.89939999999999	28.97820833333333	"PN"
"PK 196-12  1"	"PN A66   11"	84.33986234255	8.258134763910002	"G"
"PK 197-14  1"	"PN K  1-7"	82.939575	6.933772222222222	"PN"
"PK 203-18  1"	"PN MaC  2-2"	82.24166666666666	-0.6797222222222222	"PN?"
"PK 215-24  1"	"IC  418"	81.86752480565	-12.69730063549	"PN"
"PK 170+04  1"	"PN K  3-69"	85.34222145529	39.25219042097	"PN"
"PK 173+02  1"	"SH  2-235 A"	85.22222083333334	35.70619166666667	"HII"
"PK 173+03  1"	"PN G173.5+03.2"	85.64355416666668	36.15216388888889	"PN"
"PK 176+00  1"	"NGC  1985"	84.44925943541195	31.98999821825503	"RNe"
"PK 184-02  1"	"PN M  1-5"	86.70838331475	24.36745779151	"PN"
"PK 193-09  1"	"PN H  3-75"	85.18738459848	12.35625503279	"PN"
"PK 196-10  1"	"NGC  2022"	85.52579343888	9.08627388766	"PN"
"PK 204-16  1"	"PN MaC  2-3"	84.56958333333333	0.24055555555555555	"PN?"
"PK 204-13  1"	"EM* LkHA  316"	86.89901186267	0.64441820187	"TT*"
"PK 181+00  1"	"PN Pu    1"	88.20189806504	28.09976554257	"PN"
"PK 181+01  1"	"PN Pu    1"	88.20189806504	28.09976554257	"PN"
"PK 184+00  1"	"PN K  3-70"	89.68897865747	25.31219734256	"PN"
"PK 193-04  1"	"KLSS 1-5"	89.28320000000001	15.425352777777778	"PN"
"PK 197-06  1"	"PN G197.4-06.4"	89.85361224947	10.69455882627	"PN"
"PK 197-06"	"PN G197.4-06.4"	89.85361224947	10.69455882627	"PN"
"PK 228-22  1"	"V* AB Lep"	88.77753750632	-22.900672858930005	"RS*"
"PK 197-03  1"	"PN A66   14"	92.78606958434	11.77884012754	"PN"
"PK 198-06  1"	"PN A66   12"	90.58352083333334	9.65391388888889	"PN"
"PK 204-08  1"	"PN A66   13"	91.19956666666667	3.943266666666667	"PN"
"PK 243-25  1"	"PN K  2-12"	90.5286355328	-37.4236686515	"PN?"
"PK 183+05  1"	"PN G183.8+05.5"	94.04727916666667	28.36971388888889	"PN"
"PK 184+04  1"	"PN K  3-71"	93.47909583333333	26.8825	"PN"
"PK 196-01  1"	"LBN 196.21-01.17"	93.97726907402141	14.299084976119474	"HII"
"PK 197-02  2"	"SH  2-272"	93.75000000000001	12.333333333333336	"HII"
"PK 197-02  1"	"SH  2-271"	93.80154599671864	12.366580319979246	"HII"
"PK 201-04  1"	"PN We  1-4"	93.64048333333332	7.574963888888889	"PN"
"PK 221-12  1"	"IC 2165"	95.4282699181525	-12.987233610298889	"PN"
"PK 194+02  1"	"PN VV   28"	96.48862934421	17.790871263379998	"PN"
"PK 204-03  1"	"PN K  3-72"	95.97866666666665	5.503577777777777	"PN"
"PK 218-10  1"	"PN HDW    5"	95.90480312901	-10.223235436079998	"PN"
"PK 219-10  1"	"PN HDW    5"	95.90480312901	-10.223235436079998	"PN"
"PK 233-16  1"	"PN A66   15"	96.75849339642	-25.38047222257	"PN"
"PK 239-18  1"	"ESO 426-13"	96.88166666666666	-31.19527777777778	"G"
"PK 247-21  1"	"PN K  2-13"	96.36958333333334	-39.86333333333334	"err"
"PK 249-22  1"	"ESO 308-8"	96.48583333333333	-41.19027777777777	"?"
"PK 189+07  1"	"PN M  1-7"	99.33716471335333	24.009852212519718	"PN"
"PK 192+07  1"	"PN HDW    6"	100.0386625	21.413494444444442	"PN"
"PK 197+05  1"	"PN G197.0+05.8"	100.85884549575002	16.81432962993	"PN"
"PK 201+02  1"	"PN K  4-48"	99.982675	11.108427777777779	"PN"
"PK 210-00  2"	"EM* MWC  819"	101.15695419668	1.32572547557	"Em*"
"PK 210-00  1"	"EM* MWC  819"	101.15695419668	1.32572547557	"Em*"
"PK 211-03  1"	"PN M  1-6"	98.93801711364002	-0.09372137738000001	"PN"
"PK 204+04  1"	"PN K  2-2"	103.09652284929001	9.965492267059998	"PN"
"PK 204+04"	"PN K  2-2"	103.09652284929001	9.965492267059998	"PN"
"PK 208+01  1"	"PN K  4-50"	101.7673919327	4.6215839570199995	"PN"
"PK 210+01  1"	"PN M  1-8"	103.3908125	3.140822222222222	"PN"
"PK 216-00  1"	"PN A66   18"	104.06107916666667	-2.8855027777777775	"PN"
"PK 221-04  1"	"PN A66   17"	102.15839648271	-9.5440968699	"PN?"
"PK 231-08  1"	"MCG-03-18-004"	102.95139760617002	-20.24055005316	"G"
"PK 236-10  1"	"PN HaWe    9"	103.58666816764293	-25.409342742053887	"PN"
"PK 239-12  1"	"ESO 427-19"	103.80065416666666	-29.124255555555557	"PN"
"PK 200+08  1"	"PN A66   19"	104.98511666666667	14.609436111111112	"PN"
"PK 210+03  1"	"PN We  2-34"	105.11834583333335	4.3417666666666666	"PN"
"PK 212+04  1"	"PN M  1-9"	106.3300006771	2.7831811593799993	"PN"
"PK 217-00  1"	"PN MaC  1-1"	104.68484318314	-3.6861058677800003	"Ae?"
"PK 217+02  1"	"PN St  3-1"	106.7121267177	-3.0858824040699995	"PN"
"PK 219+01  1"	"PN K  1-9"	106.81502247911	-5.16874343454	"PN"
"PK 223-02  1"	"PN K  1-8"	105.82208333333332	-10.58388888888889	"HII"
"PK 225-02  1"	"PN Sa  2-4"	106.68670833333334	-11.755666666666668	"PN"
"PK 226-03  1"	"PN PB    1"	105.69503750000001	-13.709372222222221	"PN"
"PK 234-06  1"	"PN K  2-3"	106.73666666666665	-22.040555555555557	"PN"
"PK 233-08  1"	"PN MaC  2-5"	105.20666666666668	-22.34861111111111	"?"
"PK 242-11  1"	"PN M  3-1"	105.70793078762959	-31.59143410695444	"PN"
"PK 215+03  1"	"NGC  2346"	107.34383991685002	-0.8065586103699999	"PN"
"PK 224+01  1"	"PN We  1-6"	109.35851043560001	-10.17692763754	"PN"
"PK 225+00  1"	"PN We  2-37"	109.03333333333335	-10.885	"PN"
"PK 229-02  1"	"PN K  1-10"	108.14788750000001	-16.099919444444446	"PN"
"PK 232-04  1"	"PN M  1-11"	107.81956200665	-19.85080513234	"PN"
"PK 240-07  1"	"PN M  3-2"	108.70800965398001	-27.839787109900005	"PN"
"PK 241-07  1"	"MCG-05-18-002"	109.13002590105002	-29.324689673990008	"Sy2"
"PK 247-10  1"	"WRAY 17-2"	109.55583333333333	-34.912055555555554	"PN?"
"PK 248-12  1"	"ESO 367-3"	107.58617491730001	-37.32087441427	"Sy2"
"PK 189+19  1"	"NGC  2371"	111.39453497042	29.490675070019996	"PN"
"PK 197+17  1"	"NGC  2392"	112.29486308254002	20.91179858002	"PN"
"PK 205+14  1"	"PN A66   21"	112.26129027258001	13.24682987644	"PN"
"PK 214+07  1"	"PN A66   20"	110.74030435369	1.7594284733799996	"PN"
"PK 219+07  1"	"PN G219.2+07.5"	112.49364681618	-2.1104447385	"PN"
"PK 221+05  1"	"PN M  3-3"	111.64261666666667	-5.364488888888888	"PN"
"PK 221+04  1"	"MCG-01-19-001"	110.54534298257002	-5.9297009998600005	"AG?"
"PK 223+04  1"	"MCG-01-19-002"	111.72340094742	-7.5476136163500005	"AG?"
"PK 233-00  1"	"PN Sa  3-5"	112.10895541242	-17.96094194271	"*"
"PK 232-01  1"	"PN M  1-13"	110.31265416666666	-18.142958333333333	"PN"
"PK 235-01  1"	"PN M  1-14"	111.98545910321	-20.22295846818	"PN"
"PK 235-03  1"	"PN M  1-12"	109.83945216185	-21.73205617454	"PN"
"PK 242-06  1"	"WRAY 16-2"	111.05875	-28.991944444444446	"PN?"
"PK 244-06  2"	"WRAY 17-5"	112.00874999999999	-30.758333333333333	"PN?"
"PK 244-06  1"	"WRAY 16-3"	111.99499999999999	-30.701666666666664	"PN?"
"PK 245-08  1"	"WRAY 17-3"	109.78083333333335	-32.58638888888889	"PN?"
"PK 248-08  1"	"PN M  4-2"	112.22427040922	-35.75389890255	"PN"
"PK 247-08  1"	"WRAY 17-4"	111.56666666666668	-34.95055555555556	"PN?"
"PK 215+11  1"	"PN K  1-11"	114.03299165266002	2.7076511075900007	"PN"
"PK 226+05  1"	"PN M  1-16"	114.32875804166667	-9.646654999999999	"PN"
"PK 228+05  1"	"PN M  1-17"	115.09238514980001	-11.54160656699	"PN"
"PK 234-00  1"	"SS73   6"	112.95354583333334	-19.45931111111111	"Be*"
"PK 235+01  1"	"HD  62001"	115.30792878688999	-18.99372565914	"*"
"PK 238-01  1"	"PN KW    8"	113.35414583333333	-23.435769444444446	"PN"
"PK 242-03  1"	"ESO 429-4"	113.87333333333333	-28.152777777777775	"G"
"PK 244-04  1"	"WRAY 17-7"	114.34333333333333	-30.12666666666667	"PN?"
"PK 231+04  1"	"PN M  1-18"	115.51736250000002	-14.353686111111111	"PN"
"PK 232+05  1"	"PN SaSt  2-3"	117.01530553448	-14.127895860300002	"PN"
"PK 231+04  2"	"NGC  2438"	115.46049760579002	-14.73540837354	"PN"
"PK 234+02  1"	"NGC  2440"	115.48060845833332	-18.208447694444445	"PN"
"PK 236+03  1"	"PN K  1-12"	117.54834166666666	-19.304575	"PN"
"PK 235+04  1"	"PN Y-C   40"	117.51183514718998	-17.86761731777	"PN?"
"PK 241+00  1"	"ESO 493-13"	117.02791666666667	-25.231944444444444	"EmG"
"PK 243-01  1"	"NGC  2452"	116.85943729381002	-27.335227772830002	"PN"
"PK 243-00  1"	"WRAY 17-8"	117.41625	-27.593055555555555	"PN"
"PK 245-03  1"	"ESO 429-17"	116.23091358703464	-30.30225696992085	"G"
"PK 246-04  1"	"WRAY 16-6"	115.49499999999999	-31.774166666666666	"PN?"
"PK 247-04  1"	"NAME FEGU 248-5"	115.59833333333336	-32.795833333333334	"PN"
"PK 248-04  1"	"WRAY 16-7"	116.69541666666667	-33.43111111111111	"PN?"
"PK 249-05  1"	"PN A66   23"	115.82493333333333	-34.75434444444445	"PN"
"PK 251-04  1"	"ESO 369-1"	118.07583333333335	-36.44333333333333	"?"
"PK 211+18  1"	"PN HDW    7"	118.79711244040003	9.55255041616	"PN"
"PK 241+02  1"	"PN M  3-4"	118.79749211817999	-23.636835077649998	"PN"
"PK 245+01  1"	"PN M  3-5"	120.62065112499998	-27.698610000000002	"PN"
"PK 252-04  1"	"PN Sa  2-18"	118.2406205697	-36.73184028618	"PN?"
"PK 254-06  1"	"ESO 311-18"	118.49175416666667	-39.82587222222222	"EmG"
"PK 211+22  1"	"EGB  5"	122.80319079470999	10.954749829	"HS*"
"PK 212+23  1"	"EGB  5"	122.80319079470999	10.954749829	"HS*"
"PK 224+15  1"	"PN K  1-13"	121.6937546267	-2.876439274	"PN"
"PK 224+15"	"PN K  1-13"	121.6937546267	-2.876439274	"PN"
"PK 238+07  2"	"PN Sa  2-21"	122.18458333333332	-19.233888888888888	"PN"
"PK 238+07  1"	"MCG-03-21-005"	122.30869780814	-18.695060483219997	"GiG"
"PK 240+07  1"	"PN Y-C  2-5"	122.67350524977999	-20.52564150029	"PN"
"PK 246+02  1"	"WRAY 16-13"	122.14708333333333	-27.6875	"PN?"
"PK 251-01  1"	"PN K  1-21"	121.0591375	-34.2687	"PN"
"PK 250+00  1"	"PN A66   26"	122.25685	-32.673586111111106	"PN"
"PK 252-00  1"	"V* CP Pup"	122.9419308778	-35.35138513353	"No*"
"PK 245+05  1"	"WRAY 17-16"	123.94041666666665	-25.97611111111111	"PN?"
"PK 251+01  1"	"WRAY 17-17"	123.96875000000001	-33.26416666666667	"PN?"
"PK 254+00  1"	"NGC  2579"	125.23041666666666	-36.223055555555554	"OpC"
"PK 239+13  1"	"NGC  2610"	128.3475993403	-16.14938798211	"PN"
"PK 249+06  1"	"EM* AS  201"	127.92867845070002	-27.75876209024	"PN"
"PK 248+08  1"	"MCG-04-21-005"	129.06329166666666	-26.409349999999996	"AGN"
"PK 252+04  1"	"PN K  1-1"	127.96930416666666	-32.10241388888889	"PN"
"PK 257+00  1"	"PN VBRC    1"	127.72582083333334	-38.301938888888884	"PN"
"PK 255+03  1"	"WRAY 16-22"	129.0685	-35.250388888888885	"PN"
"PK 208+33  1"	"PN A66   30"	131.72276661453	17.87954705405	"PN"
"PK 214+31  1"	"NGC  2661"	131.49822361508	12.619860660489998	"EmG"
"PK 244+12  1"	"PN A66   29"	130.07884024198	-20.91017085962	"PN"
"PK 254+05  1"	"PN M  3-6"	130.16760866182	-32.37599885811	"PN"
"PK 256+03  1"	"WRAY 16-26"	130.31295833333334	-36.032916666666665	"PN?"
"PK 219+31  1"	"PN A66   31"	133.55485047748	8.8980392975	"PN"
"PK 219+31"	"PN A66   31"	133.55485047748	8.8980392975	"PN"
"PK 253+10  1"	"PN K  1-2"	134.44150892198	-28.960160512909997	"PN"
"PK 002-52  1"	"IC 5148"	329.89619389693	-39.38562028893	"PN"
"PK 237-65  1"	"NAME Fornax PN"	39.955416666666665	-34.546388888888885	"PN"
"PK 036-57"	"NGC  7293"	337.41060585298	-20.837152011779995	"PN"
"PK 036-57  1"	"NGC  7293"	337.41060585298	-20.837152011779995	"PN"
"PK 037-34  1"	"NGC  7009"	316.04506466152	-11.363494488210002	"PN"
"PK 108-76  1"	"PN BoBn    1"	9.316791666666669	-13.716277777777778	"PN"
"PK 118-74  1"	"NGC   246"	11.763925142340002	-11.871936423910004	"PN"
"PK 130-52  1"	"EGGR 900"	17.777380315790005	10.360606425770001	"WD*"
"PK 116+08"	"4C 08.06"	19.755309476958335	8.498528884194442	"BLL"
"PK 148-48  1"	"EGB  2"	29.49619315278	10.94397200716	"PN?"
"PK 148-49  1"	"EGB  2"	29.49619315278	10.94397200716	"PN?"
"PK 065-27  1"	"PN Ps    1"	322.4974886089134	12.173965373259719	"PN"
"PK 065-27  2"	"PK 065-27  2"	322.5	12.166666666666666	"?"
"PK 066-28  1"	"NGC  7094"	324.22070306836997	12.78863868726	"PN"
"PK 125-47  1"	"PG 0057+155"	14.986114041559999	15.737150079049997	"HS*"
"PK 202+14"	"4C 15.05"	31.21005788724999	15.236401002694441	"Bla"
"PK 072-17  1"	"PN A66   74"	319.2180885512199	24.1475264752	"PN"
"PK 072-17"	"PN A66   74"	319.2180885512199	24.1475264752	"PN"
"PK 104-29  1"	"PN Jn    1"	353.97217284945	30.46842687366999	"PN"
"PK 081-14  1"	"PN A66   78"	323.87242344129993	31.695958110030002	"PN"
"PK 106-17  1"	"NGC  7662"	351.47429949701046	42.53495439677222	"PN"
"PK 227+33  1"	"PN A66   32"	139.10333333333332	3.8905555555555553	"?"
"PK 261+08  1"	"NGC  2818A"	139.006208969	-36.62708788246	"PN"
"PK 238+34  1"	"PN A66   33"	144.78809110247	-2.80846861074	"PN"
"PK 221+46  1"	"EGB  6"	148.24577744798	13.742950806460001	"PN"
"PK 221+45  1"	"IRC +10216"	146.989193	13.278768	"C*"
"PK 248+29  1"	"PN A66   34"	146.39723783146	-13.171065319370001	"PN"
"PK 272+12  1"	"NGC  3132"	151.75735684271	-40.43642515362001	"PN"
"PK 270+24  1"	"PN K  1-28"	158.62758478375	-29.187559912819996	"PN"
"PK 283+25  1"	"PN K  1-22"	171.6823630198745	-34.3697718807111	"PN"
"PK 291+19  1"	"PN LoTr    4"	178.12190175201	-42.29415102793	"PN"
"PK 275+72  1"	"PN K  2-4"	184.57708333333335	11.052222222222223	"PN?"
"PK 294+43  1"	"NGC  4361"	186.12812938646996	-18.78487981564	"PN"
"PK 298+34  1"	"PN G298.0+34.8"	188.30409233562	-27.814859653869995	"PN"
"PK 299+18  1"	"PN K  1-23"	187.71907997550997	-44.23780733174	"PN"
"PK 339+88  1"	"PN LoTr    5"	193.89061296183996	25.891822023899998	"PN"
"PK 303+40  1"	"PN A66   35"	193.38660712712	-22.87293600714	"PN"
"PK 049+88  1"	"PN H  4-1"	194.8657544583333	27.636294777777778	"PN"
"PK 315+59  1"	"Z  16-38"	199.20906899888996	-3.06271293986	"Sy1"
"PK 308+25  6"	"V* V1044 Cen"	199.00573231437997	-37.00299250376	"Sy*"
"PK 310+24  1"	"PN Lo    8"	201.40626055577	-37.60409336207999	"PN"
"PK 318+41  1"	"PN A66   36"	205.17227309606997	-19.88203467884	"PN"
"PK 312+25  1"	"ESO 383-20"	203.51941056332	-36.84392350499	"EmG"
"PK 326+42  1"	"IC  972"	211.10800195247998	-17.2279388701	"PN"
"PK 333+32  1"	"MCG-04-35-008"	221.23720893349	-23.794368421410002	"Sy1"
"PK 341+05  1"	"NGC  6153"	247.87737851855996	-40.25351283575001	"PN"
"PK 342+00  1"	"PN H  1-3"	253.38054166666666	-42.65633333333333	"PN"
"PK 344+00  1"	"PN H  1-5"	254.34897664491996	-41.63283784362999	"PN"
"PK 343-00  1"	"PN HaTr    5"	255.36659999999998	-43.098644444444446	"PN"
"PK 344-01  1"	"PN H  1-6"	256.7461782999	-42.68568693133	"PN"
"PK 343-01  1"	"ESO 278-1"	256.4094920039189	-43.93840065759762	"PN"
"PK 345-01  1"	"PN H  1-7"	257.61409300422	-41.88038681489001	"PN"
"PK 345-00  1"	"RCW 117"	257.39166666666665	-41.60333333333333	"HII"
"PK 345-04  1"	"PN Cn  1-3"	261.55131149173	-44.19042004791	"PN"
"PK 346-06  1"	"PN Fg    2"	264.83275	-44.16041666666667	"PN"
"PK 346-08  1"	"IC 4663"	266.36928961717	-44.90499642995999	"PN"
"PK 348-09  1"	"WRAY 16-330"	269.1404583047	-43.0553154687	"PN"
"PK 349-10  1"	"ESO 280-2"	271.13054042289	-43.39575998785	"EmG"
"PK 350-11  1"	"V* Y CrA"	273.59562726169	-42.84231089187	"Sy*"
"PK 340+12  1"	"PN Lo   11"	240.84254583333333	-36.014925000000005	"PN"
"PK 340+10  1"	"PN Lo   12"	242.11054166666662	-37.145833333333336	"PN"
"PK 342+05  1"	"WRAY 15-1518"	249.10266375152997	-39.86233059368	"Sy*"
"PK 343+03  1"	"PN SuWt    3"	251.10052500000003	-40.055722222222215	"PN"
"PK 344+04  1"	"Hen 2-178"	250.63955539241996	-38.91114994926	"PN"
"PK 344+02  1"	"ESO 332-4"	252.88989583333333	-40.04889166666667	"PN"
"PK 344+03  1"	"ESO 332-2"	252.386875	-39.35252777777778	"PN"
"PK 345+03  1"	"PN Vd    4"	252.60562825986	-39.13863762586	"PN"
"PK 345+04  1"	"ESO 332-1"	251.68809891206996	-38.61612080786	"PN"
"PK 345+03  2"	"PN Vd    6"	253.61399999999998	-38.736250000000005	"PN"
"PK 345+00  1"	"IC 4637"	256.29362499999996	-40.885472222222226	"PN"
"PK 348-00  1"	"SH  2-4"	259.5995833333334	-39.31944444444445	"HII"
"PK 350-03  1"	"PN H  1-26"	264.12457653874	-39.36575078986	"PN"
"PK 348-04  1"	"PN H  1-21"	263.19921432933995	-40.9746258697	"PN"
"PK 349-04  1"	"PN Lo   16"	263.92450219394	-40.19068928909	"PN"
"PK 349-03  1"	"PN H  2-14"	263.08372083333336	-39.85711111111111	"PN"
"PK 350-05  1"	"PN H  1-28"	265.72545833333334	-39.60688888888889	"PN"
"PK 352-09  1"	"WRAY 16-376"	272.65647791734	-39.88737757472	"PN?"
"PK 351-10  2"	"PN HaTr    9"	272.2454125	-41.81066388888888	"PN"
"PK 351-10  1"	"WRAY 16-385"	273.2205959968	-41.50741604187	"PN"
"PK 353-12  1"	"WRAY 16-411"	276.67377561377	-40.49805533676	"PN"
"PK 356-18  1"	"ESO 337-4"	284.6022341021	-39.90607104244	"G"
"PK 358-21  1"	"IC 1297"	289.347697995	-39.61284824052	"PN"
"PK 341+17  1"	"ESO 450-16"	237.18022880129	-32.1197798027	"rG"
"PK 341+13  1"	"NGC  6026"	240.33801450415	-34.54327397305	"PN"
"PK 343+11  1"	"PN H  1-1"	243.36740369531003	-34.59427442877	"Em*"
"PK 343+11  9"	"PN H  1-1"	243.36740369531003	-34.59427442877	"Em*"
"PK 342+10  1"	"NGC  6072"	243.2431814107	-36.22983197394	"PN"
"PK 345+10  1"	"ESO 390-5"	246.09699196737	-34.25186544608	"EmG"
"PK 346+08  1"	"WRAY 16-226"	248.51767651918	-35.090761069020004	"Sy*"
"PK 345+06  1"	"WRAY 16-229"	249.86711609068	-36.57128131081	"PN"
"PK 347+05  1"	"PN H  1-2"	252.22544382591997	-35.78582011943	"PN"
"PK 347+03  1"	"ESO 391-5"	254.36666666666667	-37.098333333333336	"PN"
"PK 347+01  1"	"ESO 332-18"	256.1408091875673	-37.8874542478312	"PN"
"PK 349+01  1"	"NGC  6302"	258.4354	-37.1031	"PN"
"PK 349-01  1"	"NGC  6337"	260.56530058907	-38.48381544257	"PN"
"PK 351-01  1"	"WRAY 16-286"	263.2527916666667	-36.73105555555556	"PN"
"PK 350-02  1"	"PN H  1-22"	263.09229011602	-37.95658736562	"PN"
"PK 350-02  2"	"WRAY 16-287"	263.58333333333337	-38.151944444444446	"PN"
"PK 352-04  1"	"PN H  1-30"	266.2783333333333	-38.14713888888889	"PN"
"PK 351-05  1"	"WRAY 16-304"	266.3780619953499	-38.66272389529	"Sy*"
"PK 351-04  1"	"EM* AS  241"	266.3093149637	-38.29051113571	"Sy*"
"PK 353-04  1"	"Hen 2-289"	267.45087820616	-37.0243882307	"Sy*"
"PK 353-05  1"	"PN H  1-38"	267.6885	-37.39780555555556	"PN"
"PK 351-06  1"	"PN H  1-37"	267.68566666666663	-39.290499999999994	"PN"
"PK 352-07  1"	"PN Fg    3"	270.0492345622	-38.83128331339	"PN"
"PK 355-06  1"	"PN M  3-21"	270.6347083333334	-36.65313888888889	"PN"
"PK 354-07  1"	"PN H  1-52"	271.24006970711	-37.63540589951	"PN"
"PK 356-11  1"	"PN Lo   17"	276.95798284952	-37.26442814823	"PN"
"PK 343+16  1"	"ESO 451-3"	239.76458333333332	-31.196666666666665	"G"
"PK 342+15  1"	"ESO 451-2"	239.69517648559	-32.0054299863	"Sy1"
"PK 343+15  1"	"ESO 451-2"	239.69517648559	-32.0054299863	"Sy1"
"PK 345+15  1"	"PN Lo   13"	242.44139102503	-30.918839196089994	"PN"
"PK 346+12  1"	"PN K  1-3"	245.82920445325993	-31.749619062549996	"PN"
"PK 347+07  1"	"ESO 391-2"	250.44375	-34.288333333333334	"?"
"PK 351+05  1"	"PN M  2-5"	255.57953553896996	-33.16801199488	"PN"
"PK 349+04  1"	"PN M  2-4"	255.27592923965	-34.82739188803	"PN"
"PK 348+04  1"	"PN G348.9+04.6"	254.48798749999997	-35.41515	"PN"
"PK 351+04  1"	"PN M  1-19"	255.94520499727997	-33.49567597981	"PN"
"PK 350+04  1"	"PN H  2-1"	256.15105328259165	-33.988550427823334	"PN"
"PK 352+03  2"	"PN H  1-8"	258.67887500000006	-33.41316666666666	"PN"
"PK 351+03  1"	"EM* AS  217"	256.84056060443	-34.08734354467	"Sy*"
"PK 352+00  2"	"WRAY 16-269"	261.1262499999999	-34.69833333333333	"PN?"
"PK 352-00  1"	"PN H  1-13"	262.11491586384	-35.12544506418	"PN"
"PK 352+00  1"	"PN H  1-12"	261.60124298303	-35.02816066206	"PN"
"PK 354-02  1"	"WRAY 16-295"	265.15083333333337	-34.50944444444445	"PN?"
"PK 355-02  3"	"PN H  1-32"	266.526365	-34.062870999999994	"PN"
"PK 355-02  4"	"PN H  1-31"	266.3831973745499	-34.56522436111	"PN"
"PK 355-03  1"	"PN H  1-33"	266.955901066662	-34.1347574114658	"PN"
"PK 355-02  2"	"PN H  1-29"	266.0577880055771	-34.292471596282496	"WV*"
"PK 353-03  1"	"PN G353.5-03.3"	265.7110416666667	-36.226444444444446	"PN?"
"PK 355-02  1"	"PN M  3-14"	266.08591666666666	-34.11127777777778	"PN"
"PK 356-03  2"	"PN H  2-27"	267.96070549268	-33.79342041502999	"PN"
"PK 356-03  1"	"PN H  2-26"	267.4616666666667	-34.008472222222224	"PN"
"PK 355-04  1"	"PN Hf  2-1"	267.80062083333337	-34.92341944444444	"PN"
"PK 355-03  3"	"PN H  1-35"	267.30808269133	-34.38133682646	"PN"
"PK 355-03  2"	"PN H  2-23"	267.24129166666665	-34.36508333333334	"PN"
"PK 357-04  3"	"PN H  1-43"	269.56016611717996	-33.79378378942	"PN"
"PK 356-03  3"	"PN H  1-39"	268.33758601332	-33.93290147698	"PN"
"PK 355-04  2"	"PN M  1-30"	268.245625	-34.63961111111111	"PN"
"PK 356-04  2"	"PN H  1-41"	269.32961874107	-34.16355128177	"PN"
"PK 356-04  1"	"PN Cn  2-1"	268.6375416666666	-34.37254166666667	"PN"
"PK 356-06  1"	"PN M  3-49"	270.6333333333334	-35.220555555555556	"PN"
"PK 356-05  2"	"PN M  2-24"	270.51206077269	-34.46313199322	"PN"
"PK 356-05  1"	"PN H  2-35"	270.0760791666666	-34.46091388888889	"PN"
"PK 357-06  1"	"PN M  3-50"	271.0215958333333	-34.47705277777778	"PN"
"PK 356-07  2"	"PN H  1-57"	272.4551666666666	-35.73708333333334	"PN"
"PK 356-06  2"	"PN H  1-51"	271.1220833333333	-34.966944444444444	"PN"
"PK 356-07  1"	"SV* HV  7199"	271.91666476415	-36.10590977482	"Sy*"
"PK 358-07  1"	"NGC  6563"	273.01041666666663	-33.868611111111115	"PN"
"PK 003-17  1"	"PN Hb    8"	286.3997438199	-33.19389221463	"PN"
"PK 005-18  1"	"PN StWr  2-21"	288.597305	-32.571377000000005	"PN"
"PK 004-22  1"	"Hen 2-436"	293.02795318187	-34.21597797911	"PN"
"PK 351+09  1"	"PN PC   13"	252.57129166666664	-30.332083333333333	"PN"
"PK 351+07  1"	"PN H  1-4"	253.40448516997998	-31.675870991730008	"PN"
"PK 353+06  2"	"PN M  2-6"	256.076368	-30.891356	"PN"
"PK 353+06  1"	"PN M  2-7"	256.3079583333333	-30.53880555555556	"PN"
"PK 352+05  1"	"PN M  2-8"	256.3779166666667	-32.535583333333335	"PN"
"PK 354+04  1"	"PN M  2-10"	258.52927750179	-31.32860656336999	"PN"
"PK 352+03  1"	"EM* AS  221"	258.05359351734	-32.629651971250006	"Sy*"
"PK 354+04  4"	"PN G354.6+04.9"	258.22307916666665	-30.668250000000004	"PN"
"PK 352+04  1"	"WRAY 16-255"	257.5572166666667	-32.98078611111111	"Em*"
"PK 354+04  2"	"WRAY 15-1655"	258.83258939252	-31.564831331579995	"Sy*"
"PK 356+02  1"	"PN Th  3-13"	261.33070423315	-30.678355451619996	"PN"
"PK 355+02  3"	"PN Th  3-11"	261.1097083333333	-31.722166666666666	"PN"
"PK 355+02  2"	"PN Th  3-10"	261.1704166666667	-30.866555555555557	"PN"
"PK 355+03  3"	"PN Th  3-6"	259.8343436222	-31.21134707454	"PN"
"PK 354+03  1"	"PN Th  3-4"	259.71640821037994	-31.651841920450003	"PN"
"PK 354+02  1"	"PN Th  3-8"	260.64699166666674	-32.23438055555555	"PN?"
"PK 355+03  1"	"PN Th  3-5"	259.7638916666666	-30.898322222222223	"PN"
"PK 353+02  1"	"IRAS 17164-3226"	259.9200911000621	-32.49797558594528	"PN"
"PK 355+02  1"	"PN Th  3-9"	260.99688285856996	-31.030970641239996	"Em*"
"PK 356+01  2"	"PN Th  3-55"	262.74515833333334	-31.018258333333332	"PN"
"PK 355-00  1"	"MR  74"	264.0828970906899	-33.43674218454001	"WR*"
"PK 356-00  1"	"PN Th  3-34"	264.43704124335	-32.25830087328999	"PN"
"PK 355-01  1"	"PN RPZM   30"	265.1270833333333	-33.49916666666667	"PN"
"PK 358-01  1"	"PN Bl D"	266.51149999999996	-31.060750000000002	"PN"
"PK 357-02  1"	"PN Al  2-M"	266.94740319349	-32.34768438451	"*"
"PK 357-01  1"	"WRAY 16-298"	266.0404166666667	-32.028888888888886	"PN?"
"PK 356-02  2"	"PN M  1-27"	266.68948158482	-33.14309269776	"WR?"
"PK 356-02  1"	"PN H  2-21"	266.86477500000007	-32.83345277777778	"PN?"
"PK 358-01  2"	"WRAY 16-312"	267.56941666666665	-30.95961111111111	"Sy*"
"PK 357-03  1"	"WRAY 16-318"	267.94051321613995	-32.91436890103	"Sy*"
"PK 356-03  4"	"ESO 393-33"	267.45	-33.535	"?"
"PK 358-02  3"	"PN MaC  1-7"	267.84674935907	-31.22957281696	"Em*"
"PK 358-02  4"	"PN Al  2-O"	267.9387109981371	-32.051107134851385	"PN"
"PK 358-02  1"	"PN M  4-7"	267.93609583333335	-31.600050000000003	"PN"
"PK 359-04  1"	"PN M  3-48"	269.9867916666667	-31.907805555555555	"PN"
"PK 359-03  2"	"PN H  2-33"	269.55228728759994	-31.13510406186001	"PN"
"PK 359-03  1"	"PN M  3-17"	269.106875	-31.071444444444445	"PN"
"PK 359-02  4"	"PN M  3-46"	268.7735416666667	-31.204555555555554	"PN"
"PK 358-03  3"	"PN MaC  1-8"	269.00997499999994	-31.640772222222218	"*"
"PK 358-03  1"	"PN H  1-44"	269.54435984744	-31.715550023919995	"EB*"
"PK 358-02  5"	"OGLE BLG-LPV-102396"	268.40194028758	-31.423845055380003	"LP*"
"PK 358-02  2"	"PN Bl  3-6"	268.2346334996	-31.32177188778	"Sy*"
"PK 358-04  2"	"WRAY 16-344"	269.97915826843996	-32.98661080314	"PN"
"PK 358-04  1"	"PN H  1-46"	269.76042975295	-32.36208186071	"PN"
"PK 358-03  2"	"PN H  2-30"	269.05930416666666	-32.622083333333336	"PN"
"PK 357-04  2"	"PN M  2-22"	269.63575000000003	-33.47688888888889	"PN"
"PK 357-04  1"	"PN H  1-42"	269.3548833716191	-33.5953144973977	"PN"
"PK 357-03  2"	"PN M  2-16"	268.1432083333333	-32.76427777777778	"PN"
"PK 357-03  3"	"PN H  2-29"	268.3200965378799	-32.67736144445	"PN"
"PK 357-03  4"	"PN M  2-18"	268.4077083333333	-32.97994444444444	"PN"
"PK 357-04  4"	"WRAY 17-104"	269.6079583333333	-33.08330555555556	"PN"
"PK 359-04  3"	"PN M  2-25"	270.69375	-32.158055555555556	"PN"
"PK 358-05  1"	"PN Pe  1-11"	270.4286929189	-33.25786510345001	"PN"
"PK 357-05  1"	"PN M  1-34"	270.34226384896203	-33.29591074279167	"PN"
"PK 359-04"	"PN KFL    3"	270.72054583333335	-31.399580555555556	"PN"
"PK 359-04  2"	"PN M  2-27"	270.96904932673	-31.296433832340007	"PN"
"PK 359-04  4"	"PN H  2-36"	271.0323333333333	-31.653166666666664	"PN"
"PK 000-05  1"	"PN H  2-40"	272.12816666666663	-31.609805555555557	"PN"
"PK 000-04  3"	"WRAY 16-363"	271.18362499999995	-31.0465	"PN"
"PK 000-04  1"	"PN M  2-28"	271.26137499999993	-30.971666666666664	"PN"
"PK 358-06  1"	"EM* AS  280"	272.46795862092995	-33.33053480561	"Sy*"
"PK 358-05  4"	"PN M  3-51"	271.2341666666666	-32.900555555555556	"PN"
"PK 358-05  3"	"PN H  1-50"	270.97295123123996	-32.69500418573	"PN"
"PK 358-05  2"	"EM* AS  269"	270.849833	-32.706928000000005	"Sy*"
"PK 359-05"	"PN KFL    9"	271.8307541666667	-31.715819444444442	"PN"
"PK 000-05  2"	"PN SB    2"	272.14458333333334	-31.114444444444445	"PN"
"PK 359-06  1"	"PN H  1-62"	273.32483487062996	-32.32858479913	"PN"
"PK 000-06  1"	"ESO 456-73"	273.15708333333333	-32.099722222222226	"?"
"PK 000-07  1"	"PN M  2-35"	274.405	-31.946333333333335	"PN"
"PK 000-07  2"	"PN H  2-46"	274.65605433465	-31.912591903100008	"PN"
"PK 359-07  1"	"PN M  2-32"	273.71085793521996	-32.61532180390999	"PN"
"PK 002-09  1"	"PN Cn  1-5"	277.29854208203	-31.499759780110004	"PN"
"PK 004-11  1"	"PN M  3-29"	279.85757610389	-30.67700632382	"PN"
"PK 003-14  1"	"PN Hb    7"	283.90751556799	-32.26348711427	"PN"
"PK 006-19  1"	"WRAY 16-423"	290.54429166666665	-31.51075	"PN"
"PK 009-21  1"	"MCG-05-46-002"	293.08402007854	-29.38592929228	"EmG"
"PK 339+29  1"	"PN Y-C  2-17"	227.08639505836996	-23.24735398219	"PN?"
"PK 342+27  1"	"PN Me  2-1"	230.58033824731004	-23.625392333639997	"PN"
"PK 346+22  1"	"WRAY 17-71"	237.47583333333333	-24.42555555555556	"?"
"PK 346+19  1"	"ESO 515-19"	239.995	-27.238611111111112	"G"
"PK 352+11  1"	"ESO 452-12"	250.40833333333333	-27.97833333333333	"PN?"
"PK 352+11  2"	"PN K  2-16"	251.20438434660997	-28.06797403175	"PN"
"PK 353+08  1"	"PN MyCn   26"	253.94703373037999	-29.838504016260003	"PN"
"PK 356+05  1"	"PN Th  3-3"	259.33554583333336	-28.991566666666667	"PN"
"PK 355+04  1"	"PN Sa  3-43"	259.48242012934	-30.02848483844	"Sy*"
"PK 358+04  1"	"PN M  3-8"	261.21729166666665	-28.098499999999998	"PN"
"PK 357+03  2"	"PN M  3-41"	261.49925	-29.364	"PN"
"PK 357+03  1"	"PN M  3-7"	261.1435541069	-29.405498955570003	"PN"
"PK 357+04  1"	"PN H  2-7"	260.8539	-28.98501388888889	"PN"
"PK 356+03  1"	"PN Th  3-12"	261.2755274912421	-29.75472190475277	"PN"
"PK 356+04  3"	"PN Th  3-7"	260.26056448838995	-29.381331929619996	"Sy*"
"PK 356+04  2"	"PN M  3-38"	260.26862460438997	-29.049916728809993	"PN"
"PK 355+03  2"	"PN H  1-9"	260.38296409440125	-30.34683557186362	"PN"
"PK 356+04  1"	"PN M  2-11"	260.13862499999993	-29.01086111111111	"PN"
"PK 357+03  3"	"PN Th  3-17"	261.8818068349	-29.049021382860005	"Sy*"
"PK 358+03  5"	"PN Th  3-18"	262.11220555876	-28.642954879890002	"Sy*"
"PK 358+03  3"	"PN Th  3-19"	262.1741819622208	-28.45547788221222	"PN"
"PK 358+03  9"	"PN Al  2-B"	261.94637358884995	-28.184276555559997	"PN"
"PK 358+03  2"	"PN H  2-10"	261.88691666666665	-28.518583333333332	"PN"
"PK 358+03  1"	"PN M  3-10"	261.83412500000003	-28.464222222222222	"PN"
"PK 357+02  3"	"PN Th  3-20"	262.27584415311	-29.72155577676	"Sy*"
"PK 357+02  2"	"ESO 455-1"	262.2791666666667	-29.231666666666666	"?"
"PK 357+02  1"	"ESO 454-35"	262.19999999999993	-29.095	"?"
"PK 357+03  5"	"PN Th  3-16"	261.85151666666667	-29.35403611111111	"PN?"
"PK 357+03  4"	"PN M  3-42"	261.74937500000004	-29.258916666666668	"PN"
"PK 357+02  5"	"PN M  4-4"	262.20957396344	-30.12916605284	"PN"
"PK 359+02  7"	"PN Al  2-K"	264.059075	-28.012869444444444	"PN"
"PK 358+03  4"	"PN H  1-19"	262.51070833333335	-27.988194444444446	"PN"
"PK 357+02  4"	"PN H  1-18"	262.42816666666664	-29.547305555555557	"PN"
"PK 358+01  1"	"PN M  4-6"	263.80829166666666	-29.052944444444442	"PN"
"PK 359+02  5"	"PN Al  2-G"	263.09406982726	-28.241344978280004	"PN"
"PK 359+02  4"	"PN Th  3-32"	263.81441005879	-28.11738148737	"Be*"
"PK 359+02  2"	"ESO 455-17"	263.30833333333334	-28.33833333333333	"?"
"PK 359+02  1"	"PN Th  3-30"	263.43076330810993	-28.122520238170004	"Sy*"
"PK 358+01  4"	"PN Bl B"	264.24931666666674	-29.669147222222225	"PN"
"PK 358+01  3"	"PN H  1-25"	263.84266418039	-29.75553007888	"Sy*"
"PK 358+01  2"	"PN Th  3-31"	263.57002672091	-29.4866938699	"Sy*"
"PK 358+02  4"	"PN Al  2-F"	262.62683333333337	-28.598583333333334	"PN"
"PK 358+02  3"	"PN Th  3-29"	263.1161958333334	-29.085766666666665	"Sy*"
"PK 358+02  2"	"PN Th  3-23"	262.58899999999994	-29.170194444444448	"PN"
"PK 358+02  1"	"ESO 455-14"	262.80583333333334	-28.389166666666664	"?"
"PK 358+03  7"	"PN H  1-17"	262.41914012244	-28.67287047406	"PN"
"PK 358+03  6"	"PN H  1-20"	262.68253852918997	-28.06856700048001	"PN"
"PK 357+02  8"	"PN Al  2-D"	262.36565443368	-29.785746509319996	"*"
"PK 358+02  5"	"PN HDW    8"	262.94708333333335	-28.700972222222216	"PN"
"PK 357+01  3"	"PN TrBr    4"	263.9310541666666	-30.35733888888889	"PN"
"PK 357+01  2"	"PN Al  2-H"	263.3204416666667	-30.441872222222223	"PN"
"PK 357+02  7"	"PN Th  3-24"	262.713975	-30.28680277777778	"PN"
"PK 357+02  6"	"PN H  2-13"	262.7837916666666	-30.17452777777778	"PN"
"PK 356+01  1"	"PN Th  3-21"	262.49926228709	-30.640680003070006	"*"
"PK 358+03  8"	"PN Th  3-26"	262.78875	-28.247333333333334	"PN"
"PK 357+01  1"	"PN H  1-23"	263.19550000000004	-30.00413888888889	"PN"
"PK 359+01  2"	"PN Th  3-36"	264.8364145081699	-28.78366071920999	"LP?"
"PK 359+01  3"	"ESO 455-139"	264.76215494231997	-28.943231748169996	"PN"
"PK 359+01  1"	"PN Th  3-35"	264.6760152696125	-28.712836438905835	"PN"
"PK 000-00  2"	"PN Bl  3-22"	266.73940045836997	-29.01168102753	"Em*"
"PK 359-00  1"	"PN Hb    5"	266.9841666666667	-29.994333333333334	"PN"
"PK 358-00  2"	"PN M  1-26"	266.49028050596996	-30.200212848099998	"PN"
"PK 358-00  1"	"PN Bl  3-5"	265.58203781488	-30.448587864300002	"*"
"PK 000-00  1"	"LBN     3"	266.78333333333336	-28.775	"HII"
"PK 359-01  2"	"PN M  3-44"	267.82884604408	-30.398104670549998	"PN"
"PK 359-01  1"	"PN M  1-29"	267.5748575606836	-30.581941078115	"PN"
"PK 000-01  1"	"PN M  3-43"	267.60141666666664	-29.421805555555554	"PN"
"PK 002-02  2"	"PN M  3-20"	269.83062500000005	-28.230055555555552	"PN"
"PK 002-02  1"	"PN H  1-45"	269.59110951517994	-28.24783197018	"Mi*"
"PK 001-02  2"	"PN Sa  3-104"	269.60796815625656	-29.346801015710838	"Sy*"
"PK 001-02  1"	"PN H  2-34"	269.6168131544599	-28.561671866100003	"Sy*"
"PK 001-01  4"	"PN Sa  3-92"	268.71692499999995	-28.815372222222223	"PN"
"PK 001-01  3"	"PN H  2-31"	269.0097916666667	-28.23648888888889	"PN"
"PK 001-01  2"	"PN Bl Q"	268.64569195281996	-28.2119879255	"PN"
"PK 001-01  1"	"PN Bl M"	268.446325	-28.454752777777777	"PN"
"PK 000-02  6"	"PN M  3-19"	269.5806666666666	-30.010916666666667	"PN"
"PK 000-02  4"	"PN M  2-21"	269.53991666666667	-29.738916666666668	"PN"
"PK 000-02  2"	"PN Bl  3-10"	268.83557083333335	-29.960036111111112	"PN"
"PK 000-02  1"	"PN Bl  3-13"	269.01161467917996	-29.187931166639995	"PN"
"PK 000-01  7"	"PN Al  2-Q"	268.3543333333333	-29.285758333333334	"PN"
"PK 000-01  6"	"PN M  2-20"	268.60549999999995	-29.60227777777778	"PN"
"PK 000-01  5"	"PN M  2-19"	268.44020221564995	-29.729715381629997	"PN"
"PK 000-01  2"	"PN Bl  3-15"	268.14945833333337	-29.110722222222222	"PN"
"PK 359-02  3"	"PN H  1-40"	268.90022737445	-30.55898869366	"PN"
"PK 359-02  2"	"PN M  3-16"	268.19186317635	-30.826394740500003	"PN"
"PK 359-02  1"	"PN Bl L"	268.30741339228996	-30.301591630180003	"LP*"
"PK 359-01  3"	"PN M  3-45"	268.0248333333334	-30.08722222222222	"PN"
"PK 000-02  5"	"PN M  3-47"	269.43069583333335	-30.041641666666667	"PN"
"PK 000-03  2"	"PN KFL    1"	269.8149375	-30.04643055555556	"PN"
"PK 000-02  3"	"PN H  2-32"	269.10138588100995	-29.635205814490003	"PN"
"PK 000-01  4"	"PN Bl  3-14"	268.10808749999995	-29.76583611111111	"LP*"
"PK 000-01  3"	"PN Bl O"	268.45723622233993	-28.98653725375	"PN"
"PK 001-03  1"	"PN H  1-47"	270.15675083953	-29.36406628479	"PN"
"PK 002-02  4"	"PN M  2-23"	270.42767210451	-28.428921470389998	"PN"
"PK 001-03  2"	"HD 316989"	270.37603623499	-29.32489194664	"Be*"
"PK 001-03  3"	"PN ShWi    1"	270.60770833333333	-29.418166666666668	"PN"
"PK 358-03  4"	"PN ShWi    1"	270.60770833333333	-29.418166666666668	"PN"
"PK 358-03  5"	"PN ShWi    2"	270.76423919551	-29.771219751209998	"PN?"
"PK 001-03  4"	"PN ShWi    2"	270.76423919551	-29.771219751209998	"PN?"
"PK 000-03  1"	"PN M  3-22"	270.5803162916667	-30.24061836111111	"PN"
"PK 002-02"	"PN KFL    2"	270.24969230622	-28.272146094100002	"PN"
"PK 001-04  1"	"PN H  1-55"	271.81066302577	-29.69018113915	"PN"
"PK 001-04  2"	"PN H  1-56"	271.97451751287	-29.742871891879997	"PN"
"PK 002-03  3"	"PN M  1-37"	271.35753870875	-28.367856247210003	"PN"
"PK 002-03  5"	"PN M  1-38"	271.5239166666667	-28.675	"PN"
"PK 002-04  1"	"PN H  1-54"	271.78033052539	-29.21832577369	"PN"
"PK 003-04  6"	"EM* AS  282"	272.75703400237	-28.54454471503	"Sy*"
"PK 003-04  2"	"PN Ap  1-9"	272.62053347878	-28.1280665824	"LP*"
"PK 002-04  2"	"PN M  1-42"	272.77079166666664	-28.983083333333333	"PN"
"PK 002-03  7"	"WRAY 17-107"	271.0229166666667	-28.46472222222222	"PN"
"PK 002-03  6"	"PN H  2-39"	272.02399583333334	-28.436249999999998	"PN"
"PK 002-03  4"	"Haro 3-38"	271.50477054226	-28.284502370720002	"Mi*"
"PK 002-03  2"	"PN H  2-37"	271.12030833333336	-28.62626388888889	"PN"
"PK 002-03  1"	"ESO 456-47"	271.12416666666667	-28.35777777777778	"Em*"
"PK 358-03  6"	"PN ShWi    3"	270.82273742302	-29.84522173541	"PN?"
"PK 358-03  7"	"PN ShWi    4"	270.9119278686	-29.76282245974	"PN?"
"PK 001-03  6"	"PN ShWi    4"	270.9119278686	-29.76282245974	"PN?"
"PK 358-03  9"	"PN ShWi    6"	270.9923791666667	-29.44918055555556	"PN?"
"PK 001-03  8"	"PN ShWi    6"	270.9923791666667	-29.44918055555556	"PN?"
"PK 001-04  3"	"PN KFL    8"	271.77305045246	-29.608290737260003	"Sy*"
"PK 003-04"	"PN KFL   12"	272.6283625	-28.323030555555555	"PN"
"PK 358-03  8"	"PN ShWi    5"	270.9737132906499	-29.856146828900002	"Sy*"
"PK 001-03  7"	"PN ShWi    5"	270.9737132906499	-29.856146828900002	"Sy*"
"PK 000-04  2"	"PN M  3-23"	271.77566666666667	-30.571611111111114	"PN"
"PK 003-04  9"	"PN H  2-43"	273.19994300367	-28.33326158387	"PN"
"PK 003-04  7"	"EM* AS  283"	272.8962529052292	-28.376868305475558	"PN"
"PK 002-05"	"PN KFL   14"	273.2546083333333	-29.420997222222223	"PN"
"PK 003-04  5"	"NGC  6565"	272.96869093037	-28.178450344790004	"PN"
"PK 004-05  5"	"PN M  2-37"	274.6604208333333	-28.13376388888889	"PN"
"PK 004-05  4"	"PN K  2-9"	274.67083333333335	-28.156666666666666	"?"
"PK 004-05  3"	"PN Pe  1-12"	274.42657916666667	-28.28716666666667	"PN"
"PK 002-05  1"	"EM* AS  293"	273.6438396514392	-29.823292906709174	"Sy*"
"PK 003-06  1"	"PN M  2-36"	274.422625	-29.13886111111111	"PN"
"PK 001-06  2"	"PN SwSt    1"	274.05118087682	-30.868862938609997	"PN"
"PK 002-06  1"	"PN M  2-33"	273.77734763655	-30.259240336550004	"PN"
"PK 002-06  2"	"PN H  1-63"	274.0806004569	-30.126685535149996	"PN"
"PK 001-06  1"	"HD 319167"	273.85280352835	-30.53203817386	"Sy*"
"PK 002-07  1"	"PN M  2-41"	275.64374999999995	-30.725277777777777	"PN"
"PK 003-07"	"PN KFL   19"	275.78704166666665	-29.72365833333333	"PN"
"PK 005-08  1"	"PN Hf  2-2"	278.12875663253	-28.72229891842001	"PN"
"PK 004-11  2"	"WRAY 16-417"	281.06083310022996	-30.327052528200003	"PN"
"PK 014-25  1"	"PN HDW   12"	299.55451236540995	-26.47115863128	"PN"
"PK 355+11  1"	"EM* AS  210"	252.83501956015	-26.007450741789995	"Sy*"
"PK 358+09  1"	"PN Th  3-1"	256.43549999999993	-25.417147222222223	"PN"
"PK 358+07  1"	"PN M  3-36"	258.1631880863599	-25.72708399979	"PN"
"PK 357+07  1"	"PN M  4-3"	257.67408091351	-27.14557739964	"PN"
"PK 359+05  1"	"PN M  2-12"	261.0061463436	-25.98980091218	"PN"
"PK 359+04  1"	"PN Th  3-14"	261.43367822672	-26.963314976470006	"PN"
"PK 359+05  2"	"PN M  3-9"	261.43071669298	-26.19872429115	"PN"
"PK 358+05  2"	"PN M  3-40"	260.61787713114	-27.145102582	"PN"
"PK 358+05  1"	"PN M  3-39"	260.29705499999994	-27.19362688888889	"PN"
"PK 357+04"	"PK 357+04"	259.6023333333334	-26.371944444444445	"PN?"
"PK 359+06  1"	"PN M  3-37"	259.80577500000004	-25.288208333333337	"PN"
"PK 358+04  2"	"PN Th  3-15"	261.79417534424	-27.733004800929997	"PN"
"PK 000+04  1"	"PN H  2-11"	262.35817144938	-25.818668119379996	"PN"
"PK 000+03  1"	"PN M  4-5"	263.728	-26.599249999999998	"PN"
"PK 359+02  3"	"PN Th  3-33"	263.95051249999995	-27.722327777777778	"PN"
"PK 359+03  5"	"PN Al  2-E"	262.5601514991299	-27.505662527150005	"PN"
"PK 359+03  4"	"PN Al  2-E"	262.5601514991299	-27.505662527150005	"PN"
"PK 359+03  3"	"ESO 520-7"	263.0291666666667	-27.073333333333334	"?"
"PK 000+04  2"	"PN H  1-16"	262.3476201277062	-26.4349372196228	"PN"
"PK 359+02  6"	"PN Al  2-I"	263.5575791666667	-27.93359722222222	"PN"
"PK 000+02  1"	"PN Al  2-J"	263.89792916666664	-27.401802777777775	"PN"
"PK 000+04  3"	"PN K  5-1"	262.46817802264997	-26.18711442914	"PN"
"PK 359+03  2"	"PN Th  3-25"	262.69504166666667	-27.099444444444444	"PN"
"PK 359+03  1"	"PN Th  3-28"	262.73668669992	-26.986367559499996	"WR*"
"PK 001+01  1"	"PN K  1-4"	265.11466666666666	-27.017249999999997	"PN"
"PK 000+02  2"	"ESO 520-13"	264.8458333333333	-27.265	"?"
"PK 001+02  1"	"WRAY 17-94"	265.05350000000004	-26.739416666666667	"PN"
"PK 002+01  1"	"PN H  2-20"	266.415875	-25.66675	"PN"
"PK 001-00  1"	"HD 316285"	267.05848838298	-28.01475590822	"s*b"
"PK 002+02  2"	"Terz N 1580"	265.9143416666667	-25.611808333333336	"PN"
"PK 001-00  2"	"PN Bl  3-3"	267.3835625	-27.767038888888887	"*"
"PK 002-01  1"	"PN Pe  2-11"	269.6302916666666	-27.61827777777778	"PN"
"PK 003-01  1"	"Hen 2-325"	270.27625250539	-26.35724931193	"Em*"
"PK 002-02  3"	"PN Pe  2-12"	270.29277722079	-27.63881678275	"PN"
"PK 003-02"	"PN KFL    4"	270.71529166666676	-27.683222222222224	"PN"
"PK 005-02  1"	"PN M  3-24"	271.9746666666667	-25.40075	"PN"
"PK 005-03  1"	"PN H  1-58"	272.30767675228	-26.04134878659	"PN"
"PK 004-02  1"	"PN H  1-53"	271.4893194177116	-26.495042670839446	"PN"
"PK 003-04 10"	"ESO 456-64"	272.6379166666667	-27.84722222222222	"?"
"PK 003-04  1"	"EM* AS  281"	272.68276078854	-27.96391796868	"Sy*"
"PK 003-03  1"	"PN Sa  3-119"	271.62619591672	-27.73985851421	"LP*"
"PK 003-02  2"	"PN M  2-26"	270.79966666666667	-26.97533333333333	"PN"
"PK 003-02  1"	"PN M  1-35"	270.91375	-26.72608333333333	"PN"
"PK 003-02  3"	"IC 4673"	270.82691080221	-27.106309879119998	"PN"
"PK 003-03"	"PN KFL    7"	271.7081541666667	-27.104469444444447	"PN"
"PK 004-03 B"	"PN KFL   11"	272.5510166666667	-27.27638888888889	"PN"
"PK 004-03  1"	"PN M  2-29"	271.6704396715	-26.91565993565	"PN"
"PK 004-03 A"	"PN KFL   10"	272.0054666666667	-26.900422222222222	"PN"
"PK 005-03"	"PN KFL   13"	273.18783033324996	-25.74009623124	"PN"
"PK 005-04  1"	"PN H  2-44"	273.41854166666667	-26.14397222222222	"PN"
"PK 005-03  2"	"PN H  2-42"	273.0968958333333	-26.548338888888892	"PN"
"PK 004-04  1"	"PN H  1-60"	273.1050833333333	-27.486888888888892	"PN"
"PK 003-04  8"	"PN M  2-30"	273.1433333333333	-27.96958333333333	"PN"
"PK 003-04  3"	"PN H  1-59"	272.8719291666667	-27.771024999999998	"PN"
"PK 006-03  3"	"PN M  2-31"	273.31688392999	-25.501478033509997	"PN"
"PK 006-03"	"PN KFL   15"	273.58051666666665	-25.347561111111112	"PN"
"PK 003-04  4"	"PN H  2-41"	273.0990208333333	-27.870516666666667	"PN"
"PK 006-04  1"	"PN Pe  2-13"	274.55586261533	-25.63620569519	"PN"
"PK 005-05  2"	"V* V3929 Sgr"	275.24528063955	-26.80712050794	"Sy*"
"PK 005-05  1"	"PN M  2-38"	274.85495833333334	-26.588944444444444	"PN"
"PK 004-05  1"	"PN M  3-26"	274.04766666666666	-27.24952777777778	"PN"
"PK 004-04  2"	"PN M  1-44"	274.07225812673	-27.07514915844	"PN"
"PK 005-04"	"PN KFL   16"	274.2248640772	-26.390028379119997	"PN"
"PK 007-06  1"	"PN H  1-66"	276.2397458333333	-25.698822222222223	"PN"
"PK 005-06  1"	"NGC  6620"	275.7257583333334	-26.82144166666667	"PN"
"PK 008-07  2"	"NGC  6644"	278.144595	-25.128933	"PN"
"PK 007-06  2"	"PN Vy  2-1"	276.99844183439	-26.113351463689998	"PN"
"PK 006-08  1"	"PN Al    1"	278.73022232287	-27.105300518479996	"PN"
"PK 009-09  1"	"PN M  3-32"	281.1792916666667	-25.35966666666667	"PN"
"PK 009-10  1"	"PN M  3-33"	282.0505848474	-25.481228817320005	"PN"
"PK 011-14  1"	"PN HDW   10"	286.42674999999997	-25.395833333333332	"PN?"
"PK 017-21  1"	"PN A66   65"	296.64253829593	-23.136935023080003	"PN"
"PK 000+06  2"	"PN G000.3+06.9"	260.0915208333333	-24.864508333333333	"PN"
"PK 002+08  1"	"PN H  1-11"	260.32385969361997	-22.30986599954	"PN"
"PK 001+05  1"	"PN H  1-14"	262.00729832622994	-24.42314339769	"PN"
"PK 001+05  2"	"PN H  1-15"	262.15678598843994	-24.852005252499996	"PN"
"PK 002+05  1"	"NGC  6369"	262.33523604620996	-23.75965883868	"PN"
"PK 003+05  1"	"PN H  2-15"	263.6117375	-22.888808333333333	"PN"
"PK 002+04  1"	"PN Th  3-27"	263.9936125	-24.42476388888889	"PN"
"PK 001+04  1"	"V* V2116 Oph"	263.00897184809	-24.745591435860003	"Sy*"
"PK 003+03  3"	"ESO 520-12"	264.70642113247084	-23.901833353906113	"Sy*"
"PK 003+03  1"	"PN H  2-17"	265.03094102466	-24.428497793179996	"PN"
"PK 005+02  1"	"PN H  1-34"	267.03155000000004	-22.77981388888889	"PN"
"PK 004+03  1"	"PK 004+03  1"	265.40000000000003	-23.566666666666666	"PN"
"PK 004+01  1"	"PN H  2-24"	267.15225000000004	-24.276333333333334	"PN"
"PK 003+02  1"	"PN Hb    4"	265.47000086054993	-24.70231407311	"PN"
"PK 003+03  2"	"PN M  2-14"	265.48861595663	-24.187834187420002	"PN"
"PK 004+02  2"	"PN PBOZ   16"	266.8830416666667	-24.218625	"PN"
"PK 004+02  1"	"PN H  2-25"	267.25200416666667	-23.71516388888889	"PN"
"PK 006+01  1"	"PN HaTr    8"	268.98298025229	-22.983637963649997	"PN"
"PK 005-02  2"	"PN MaC  1-10"	272.3017128327842	-25.07622971555278	"PN"
"PK 006-02  1"	"PN M  1-41"	272.37541666666664	-24.20722222222222	"PN"
"PK 006-03  1"	"PN H  1-61"	273.141625	-24.83347222222222	"PN"
"PK 008-03  1"	"PN H  1-64"	274.59931463559	-23.415967533890004	"PN"
"PK 008-02  1"	"PN MaC  1-11"	273.71204166666666	-22.73213888888889	"PN"
"PK 007-04  1"	"PN H  1-65"	275.03686103834	-24.251463468190003	"PN"
"PK 007-03  2"	"PN Sa  3-128"	274.44845833333335	-24.04416666666667	"PN"
"PK 007-03  1"	"PN M  2-34"	274.31625	-23.981583333333333	"PN"
"PK 006-03  2"	"PN H  2-45"	273.6201833333334	-24.727319444444444	"PN"
"PK 008-04  1"	"PN M  2-39"	275.50484206061	-24.177754691600004	"PN"
"PK 009-04  1"	"PN H  1-67"	276.27073333333334	-22.58128888888889	"PN"
"PK 008-04  2"	"PN M  2-42"	275.63366666666667	-24.157694444444445	"PN"
"PK 009-05  1"	"NGC  6629"	276.42689240649	-23.202930996509995	"PN"
"PK 009-06  1"	"ESO 522-29"	277.2695833333334	-23.85888888888889	"G"
"PK 008-07  1"	"WRAY 16-413"	277.970141859	-24.77158090065	"PN"
"PK 010-06  1"	"IC 4732"	278.47764195053	-22.644828518120004	"PN"
"PK 010-06  2"	"PN Pe  1-13"	278.71487500000006	-22.721777777777774	"PN"
"PK 010-08  1"	"PN GJJC    1"	279.0950833333333	-23.92173888888889	"PN"
"PK 009-08  1"	"PN Y-C   47"	279.35770614312	-24.443581427970003	"PN?"
"PK 011-07  1"	"V* V348 Sgr"	280.08303767866994	-22.908141168810005	"pA*"
"PK 011-09  1"	"PN H  2-48"	281.64632601982	-23.44673929689	"PN"
"PK 012-09  1"	"PN M  1-62"	282.60852929173	-22.572974415349996	"PN"
"PK 011-11  1"	"EM* AS  327"	283.3194297357	-24.383000280869993	"Sy*"
"PK 019-23  1"	"PN A66   66"	299.38126193687	-21.61283597868	"PN"
"PK 000+17  1"	"PN PC   12"	250.97409965078	-18.95331979004	"PN"
"PK 359+15  1"	"PN A66   40"	252.1438125	-21.014075000000002	"PN"
"PK 000+12  1"	"IC 4634"	255.38992365620996	-21.82583764331	"PN"
"PK 003+07  1"	"PN H  2-8"	261.1906916666667	-21.559944444444447	"PN"
"PK 005+05  1"	"PN M  3-12"	264.0943083333333	-21.52006111111111	"PN"
"PK 005+06  1"	"PN M  3-11"	263.83929872907	-20.956508586570003	"PN"
"PK 004+06  2"	"PN H  1-24"	263.40659250332993	-21.773545781620005	"PN"
"PK 004+06  1"	"NAME Kepler's SN"	262.66878999999994	-21.487320000000004	"SNR"
"PK 007+06  2"	"PN M  1-24"	264.5482833333333	-19.627122222222223	"PN"
"PK 005+05  2"	"PN H  2-16"	264.98172916666664	-21.23703055555556	"PN"
"PK 005+04  1"	"PN H  1-27"	265.07477016230996	-22.32172560537	"PN"
"PK 004+04  1"	"PN M  1-25"	264.62631687549	-22.14414840807	"PN"
"PK 006+04  2"	"PN M  3-15"	266.38212362465	-20.9670816379	"PN"
"PK 007+04  1"	"PN Th  4-1"	266.58674339433003	-20.23007671743	"PN"
"PK 006+03  1"	"PN H  2-22"	266.8914222583629	-21.789782596155835	"PN"
"PK 006+02  1"	"PN Th  4-3"	267.1557916666667	-22.28021944444444	"PN"
"PK 005+04  2"	"PN M  3-13"	265.4025141913967	-22.217481327695	"PN"
"PK 006+03  2"	"PN M  1-28"	266.90958333333333	-22.105555555555558	"PN"
"PK 008+03  2"	"PN Th  4-4"	267.59925726325	-19.895327802440004	"Sy*"
"PK 008+03  1"	"NGC  6445"	267.3126176602546	-20.00948878890889	"PN"
"PK 007+01  2"	"Ve 3-61"	269.3166971407699	-21.691418794839997	"Sy*"
"PK 007+01  1"	"IC 4670"	268.77929450000005	-21.744455900000002	"PN"
"PK 007+02  1"	"PN Th  4-8"	268.17795076750997	-21.260008304059998	"PN?"
"PK 006+02  4"	"PN Pe  2-10"	268.4050833333333	-21.978277777777777	"PN"
"PK 006+02  3"	"PN Th  4-7"	268.0940375	-21.853730555555558	"PN"
"PK 006+02  5"	"PN M  1-31"	268.17268684334	-22.36587758444	"PN"
"PK 006+02  2"	"EM* AS  245"	267.75381370731	-22.32640591269	"Sy*"
"PK 008-01  1"	"PN M  1-40"	272.10828749999996	-22.281369444444444	"PN"
"PK 010+00  1"	"NGC  6537"	271.3046	-19.84302222222222	"PN"
"PK 010-01  1"	"NGC  6578"	274.06877984485584	-20.450761997778326	"PN"
"PK 009-02  1"	"Hen 2-374"	273.87944733034	-21.5896692442	"Sy*"
"PK 010-03  1"	"V* V3811 Sgr"	275.87084324611	-21.885971775350004	"LP*"
"PK 013-04  1"	"PN Pe  2-14"	277.4981041666667	-19.67715	"PN"
"PK 011-05  1"	"PN M  1-47"	277.29642500523	-21.781685725449996	"PN"
"PK 014-07  1"	"PN M  3-31"	281.00738591504	-19.914651084419997	"PN"
"PK 013-07  2"	"PN Y-C  2-26"	280.48541666666665	-20.53880555555556	"PN?"
"PK 012-07  1"	"EM* AS  316"	280.63667529222	-21.296294153080005	"Sy*"
"PK 013-07  1"	"PN PC   21"	281.39672916666666	-20.582866666666668	"PN"
"PK 013-10  1"	"PN Y-C  2-32"	283.87779405301	-21.82772538162	"PN"
"PK 015-08  1"	"ESO 592-1"	282.28422242672	-19.56822614906	"G"
"PK 016-10"	"V* V4368 Sgr"	283.66798774363	-19.69991426312	"Sy?"
"PK 019-19  1"	"PN K  2-7"	295.12121223078	-20.45163879355	"PN"
"PK 007+10  1"	"PN G007.9+10.1"	261.65869179957	-16.80833652435	"PN"
"PK 006+08  1"	"PN M  1-20"	262.24006875636	-19.26500936646	"PN"
"PK 006+07  1"	"Hen 2-247"	263.57174179978	-19.15633508688	"Sy*"
"PK 007+06  1"	"PN M  1-23"	264.3417083333333	-18.778277777777777	"PN"
"PK 007+07  1"	"PN M  1-22"	263.79266249999995	-18.572336111111113	"PN"
"PK 008+06  1"	"PN SaSt  2-15"	264.7390473849799	-18.293274449089996	"PN"
"PK 008+05  1"	"PN Th  4-2"	266.5408875	-18.658580555555552	"PN"
"PK 009+04  1"	"PN Th  4-5"	267.6182375	-19.052780555555554	"PN"
"PK 009+04  2"	"PN Th  4-6"	267.73849999999993	-18.780111111111108	"PN"
"PK 010+04  7"	"ATO J267.7129-17.7992"	267.71298819767	-17.79921875915	"LP*"
"PK 010+03  1"	"PN Th  4-10"	269.2774958333333	-18.11206388888889	"PN"
"PK 009+02  1"	"PN Th  4-9"	269.00251160401996	-19.490767195980002	"PN"
"PK 010+04  1"	"PN M  2-17"	268.02040000000005	-17.60145277777778	"PN"
"PK 011+02  1"	"PN Th  4-11"	270.03661444616	-17.6787040208	"PN"
"PK 011-00  1"	"PN M  1-43"	272.95379166666663	-18.772555555555552	"PN"
"PK 011-00  2"	"NGC  6567"	273.43818193473	-19.076131010319997	"PN"
"PK 012-02  1"	"PN M  1-45"	275.78326342221	-19.284812048479996	"PN"
"PK 015-03  1"	"PN A66   44"	277.54684166666664	-16.75731111111111	"PN"
"PK 014-04  1"	"PN M  1-50"	278.33700000000005	-18.27697222222222	"PN"
"PK 013-04  2"	"PN V-V  3-4"	277.6420300182917	-19.246017258669166	"PN"
"PK 013-03  1"	"PN M  1-48"	277.3752307582299	-19.09554269745	"PN"
"PK 013-02  1"	"PN SaWe    3"	276.5181721863	-18.20863148947	"PN"
"PK 014-03  1"	"PN SaSt  3-166"	277.29694632571	-17.45361726604	"PN"
"PK 016-04  1"	"PN M  1-54"	279.03482083333336	-16.999172222222224	"PN"
"PK 014-05  1"	"PN V-V  3-5"	279.13435673678	-19.32474218273	"PN"
"PK 015-04  1"	"PN M  1-53"	278.95111249999997	-17.602419444444447	"PN"
"PK 016-04  2"	"PN M  1-56"	279.44279166666666	-17.096333333333334	"PN"
"PK 014-05  2"	"PN V-V    3"	279.29629166666666	-19.039416666666668	"PN"
"PK 017-10  1"	"PN A66   51"	285.25580079711995	-18.204256015339997	"PN"
"PK 019-13  1"	"PN DeHt    3"	289.26736250000005	-18.02698333333333	"PN"
"PK 009+10  1"	"PN A66   41"	262.25844119045996	-15.217911698599998	"PN"
"PK 011+07  1"	"PN Sa  2-237"	266.17617500000006	-15.753180555555556	"PN"
"PK 011+06  1"	"PN M  2-15"	266.7268708333333	-16.290222222222226	"PN"
"PK 010+07  1"	"PN Sa  2-230"	265.5083625	-15.935405555555555	"PN"
"PK 011+05  1"	"NGC  6439"	267.08258333333333	-16.479005555555553	"PN"
"PK 013+04  1"	"PN M  1-33"	269.745055	-15.537442800000003	"PN"
"PK 013+05  2"	"PN MaC  1-9"	268.96951830079996	-14.113645126130002	"Sy*"
"PK 013+05  1"	"PN Sa  3-96"	268.937721	-15.061894999999998	"PN"
"PK 011+04  1"	"PN M  1-32"	269.0837916666667	-16.48461111111111	"PN"
"PK 016-02  1"	"PN Sa  3-134"	277.33258333333333	-15.12775	"PN"
"PK 016-01  1"	"PN M  1-46"	276.98465643093994	-15.548453899239998	"PN"
"PK 017-02  1"	"PN M  1-52"	278.49375	-14.874055555555556	"PN"
"PK 017-04  1"	"PN M  3-30"	280.31224166666664	-15.562105555555556	"PN"
"PK 019-05  1"	"PN M  1-61"	281.47966666666673	-14.460527777777777	"PN"
"PK 019-08  1"	"PN MaC  1-15"	284.30802818248	-15.487018391989997	"PN"
"PK 025-17  1"	"NGC  6818"	295.9907103	-14.153713700000003	"PN"
"PK 009+14  1"	"NGC  6309"	258.5179477501499	-12.91052590885	"PN"
"PK 011+11  1"	"PN M  2-13"	262.1424682099331	-13.4390952475535	"PN"
"PK 014+06  1"	"PN K  2-5"	268.6090791666666	-12.809986111111112	"PN"
"PK 015+03  1"	"PN M  1-39"	271.87799999999993	-13.480166666666666	"PN"
"PK 020-00  1"	"PN A66   45"	277.5642583333333	-11.615952777777776	"PN"
"PK 018-02  1"	"PN M  3-54"	278.26560416666666	-13.738874999999998	"PN"
"PK 018-01  1"	"PN M  1-49"	277.55518550449	-13.899087594439997	"PN"
"PK 019-02  1"	"PN M  4-10"	278.5577083333333	-13.20686111111111	"PN"
"PK 022-03  1"	"PN VV  201"	280.73753147151376	-11.114805070108886	"PN"
"PK 021-03  1"	"PN G021.2-03.9"	281.02597083333336	-12.215874999999999	"PN"
"PK 020-03  1"	"PN MaC  1-14"	280.30450127812	-13.195308238100003	"Em*"
"PK 019-04  1"	"PN M  1-60"	280.90872081192	-13.74702239854	"PN"
"PK 021-05  1"	"PN M  1-63"	282.8790083333334	-13.176827777777778	"PN"
"PK 020-05  1"	"PN Sa  1-8"	282.68476220114	-13.51732371778	"PN"
"PK 023-07  1"	"PN MaC  1-16"	285.34068749999994	-11.972219444444445	"PN"
"PK 026-11  1"	"EM* AS  350"	289.58145	-11.104505555555557	"PN"
"PK 025-11  1"	"PN A66   60"	289.82412779929996	-12.243369065190002	"PN"
"PK 010+18  1"	"PN K  2-8"	256.37988149554997	-10.096926247350002	"*"
"PK 010+18  2"	"PN M  2-9"	256.4081729999999	-10.142363	"PN"
"PK 011+18  1"	"DHW 1-2"	256.72931295781	-9.78307872316	"PN"
"PK 011+17  1"	"DHW 1-2"	256.72931295781	-9.78307872316	"PN"
"PK 018+04  1"	"PN G018.9+04.1"	272.61033333333336	-10.484194444444443	"PN"
"PK 019+05  1"	"IRAS 18042-0855"	271.7491767135829	-8.9258258459575	"PN"
"PK 018+03  1"	"PN M  4-8"	273.04002340254	-10.71620988639	"PN"
"PK 019+03  1"	"PN M  3-25"	273.820724	-10.169267	"PN"
"PK 021+02  1"	"PN MaC  1-12"	275.3379523268885	-8.5284825693859	"PN"
"PK 019+00  1"	"PN M  3-53"	276.0330125	-11.11176388888889	"PN"
"PK 022+01  1"	"PN G022.5+01.0"	277.1468416666666	-8.723005555555554	"PN"
"PK 021-00  2"	"PN M  3-55"	278.31155416666667	-10.255402777777778	"PN"
"PK 021-00  1"	"PN M  3-28"	278.17203333333333	-10.097230555555557	"PN"
"PK 021-01  1"	"PN M  1-51"	278.37104166666666	-11.124027777777778	"PN"
"PK 023-02  1"	"PN M  1-59"	280.83412999999996	-9.0802853	"PN"
"PK 023-01  1"	"PN K  3-9"	280.1007655206299	-8.72953386126	"Sy*"
"PK 022-02  1"	"PN M  1-57"	280.08440068333	-10.663115817100001	"PN"
"PK 023-01  2"	"PN K  3-11"	280.2804625	-8.933047222222223	"PN"
"PK 024-02  1"	"PN M  2-46"	281.64423883931704	-8.467219434377776	"PN"
"PK 025-04  2"	"IC 1295"	283.65478433595	-8.82706110929	"PN"
"PK 025-04  1"	"PN K  4-8"	283.5834157442499	-8.79256510968	"PN"
"PK 024-03  1"	"PN Pe  1-17"	281.95332916666666	-9.151925	"PN"
"PK 024-05  1"	"PN M  4-11"	283.57362916666665	-10.087358333333334	"PN"
"PK 027-09  1"	"IC 4846"	289.1176110404	-9.043521430720002	"PN"
"PK 028-09  3"	"[ALS88] 1"	289.0669996848654	-8.296083104990833	"Sy*"
"PK 038-25  1"	"PN A66   70"	307.88836479172	-7.08834303071	"PN"
"PK 016+13  1"	"PN A66   42"	262.87111450628	-8.319421008700001	"PN"
"PK 024+03  1"	"PN M  2-40"	275.34940797475997	-6.03215745102	"PN"
"PK 023+04  1"	"PN MA    3"	274.45584584823996	-6.80596531072	"PN"
"PK 022+04  1"	"PN G022.5+04.8"	273.80567624469995	-6.95347458315	"PN"
"PK 023+01  1"	"PN MA   13"	277.6266418309	-7.460605114010002	"PN"
"PK 025-00  1"	"PN Pe  1-14"	280.53351250000003	-6.6820305555555555	"PN"
"PK 026-02  1"	"PN Pe  1-16"	281.8843791666667	-6.900977777777778	"PN"
"PK 026-01  2"	"PN Pe  2-15"	281.3647583333334	-6.949286111111111	"PN"
"PK 026-01  1"	"PN K  4-5"	281.4027291666667	-6.311133333333333	"PN"
"PK 025-02  1"	"PN Pe  1-15"	281.60146454795995	-7.24307626553	"PN"
"PK 027-02  1"	"PN Pe  1-18"	282.193486	-5.935266	"PN"
"PK 027-03  1"	"PN A66   49"	283.36788333333334	-6.479675	"PN"
"PK 026-02  3"	"PN Pe  1-19"	282.43601249999995	-7.026397222222222	"PN"
"PK 026-02  2"	"EM* AS  323"	282.1486510444	-6.68623405458	"Sy*"
"PK 027-03  2"	"PN Vy  1-4"	283.50788803036	-6.43895266902	"PN"
"PK 028-03  1"	"PN Pe  1-21"	284.45684166666666	-5.461036111111111	"PN"
"PK 028-04  1"	"PN Pe  1-20"	284.3222958333333	-5.997719444444445	"PN"
"PK 029-05  1"	"NGC  6751"	286.48140990643	-5.9923024615400005	"PN"
"PK 030-07  1"	"PN MaC  1-17"	288.23862221345	-5.35569737187	"Sy*"
"PK 031-10  1"	"PN M  3-34"	291.75790893752	-6.58464989681	"PN"
"PK 018+20  1"	"PN Na    1"	258.21616779929997	-3.2666192902799995	"PN"
"PK 024+05  1"	"PN M  4-9"	273.57670833333333	-4.989472222222222	"PN"
"PK 026+01  1"	"EM* AS  310"	278.33830848512	-4.96832682161	"Ae*"
"PK 029+00  1"	"PN A66   48"	280.69550279009	-3.2214709643299995	"PN"
"PK 028+01  1"	"PN M  2-44"	279.40398414453	-3.09917433553	"PN"
"PK 027+00  1"	"PN M  2-45"	279.8410243931054	-4.330837740389722	"PN"
"PK 029-02  1"	"PN Pe  2-16"	283.5418022238	-4.647749319390001	"Sy*"
"PK 028-02  1"	"THA 14-39"	282.53761334701	-5.251148473910001	"Em*"
"PK 028-04  2"	"PN Th  1-I"	284.69665268671	-5.38324168852	"LP*"
"PK 033-06  1"	"NGC  6772"	288.6515541666667	-2.706955555555556	"PN"
"PK 032-06  1"	"PN K  2-10"	288.25	-3.533333333333333	"?"
"PK 032-08  1"	"PN ARO  318"	290.50720215815	-4.2006092959	"PN"
"PK 034-10  1"	"PN HDW   11"	292.7801090378445	-3.7089649401625002	"PN"
"PK 013+32  1"	"PN Sn    1"	245.26832900826997	-0.26963348887	"PN"
"PK 028+05  1"	"PN K  3-2"	276.25235520274	-1.51458273831	"PN"
"PK 027+04  1"	"PN M  2-43"	276.66687508568	-2.7159344919200006	"PN"
"PK 028+02  1"	"PN K  3-7"	278.5566666666667	-2.4603055555555557	"PN"
"PK 030+03  1"	"PN A66   47"	278.84401527705	-0.23086966401999998	"PN"
"PK 031+01  1"	"PN PC   20"	280.764475	-0.2771472222222222	"PN"
"PK 031-00  1"	"PN WeSb    4"	282.66792499999997	-1.0531000000000001	"PN"
"PK 031-00  2"	"PN HaTr   10"	282.60310416666664	-1.6721944444444443	"PN"
"PK 032-02  1"	"PN M  1-66"	284.60933333333327	-1.0626666666666666	"PN"
"PK 033-02  1"	"NGC  6741"	285.65458333333333	-0.44908333333333333	"PN"
"PK 032-03  2"	"PN K  3-20"	285.54232529147	-1.8126126711500001	"PN"
"PK 032-02  2"	"PN K  3-19"	285.40239583333334	-1.3188472222222223	"PN"
"PK 032-03  1"	"PN K  3-18"	285.1451227236016	-2.1994348262177774	"PN"
"PK 033-01  1"	"PN Sa  3-151"	284.71548997529	-0.54838769128	"PN"
"PK 033-04  1"	"PN K  4-17"	287.3520833333333	-1.1513888888888888	"PN?"
"PK 034-06  1"	"NGC  6778"	289.6039759722496	-1.5964320566336112	"PN"
"PK 033-05  1"	"PN A66   55"	287.6073666666667	-2.33985	"PN"
"PK 028+10  1"	"PN WeSb    3"	271.50319166666674	0.3773805555555555	"PN"
"PK 030+08  1"	"PN K  4-1"	274.13573989469	1.8841665768000002	"*"
"PK 032+07  2"	"PN PC   19"	276.18552315853	2.4911122308099998	"PN"
"PK 030+06  1"	"SH  2-68"	276.24345600621	0.86000590252	"PN"
"PK 032+05  1"	"PN K  3-4"	277.7509458333333	2.4242638888888886	"PN"
"PK 031+05  1"	"PN K  3-3"	276.7884833333333	1.2400916666666666	"PN"
"PK 030+04  1"	"PN K  3-6"	278.32290391749996	0.19632850668999996	"PN"
"PK 034+02  1"	"PN K  3-13"	281.35278425518993	2.0237156528300004	"PN"
"PK 034+01  1"	"[KW97] 35-4"	282.0788416666666	1.7185111111111113	"TT*"
"PK 035-02  1"	"V* V1561 Aql"	286.16480547737	1.3716337848000002	"Mi*"
"PK 034-02  1"	"PN K  4-15"	286.22609839843	0.3399401283	"*"
"PK 036-01  1"	"SH  2-71"	285.50118742649	2.15304923096	"PN"
"PK 036-02  1"	"PN HaTr   13"	287.0089541666666	2.356736111111111	"PN"
"PK 037-04  1"	"IRAS 19128+0227"	288.83947590371	2.550579210710001	"Mi*"
"PK 037-03  3"	"PN K  3-25"	288.39038058117	2.30362522019	"Sy*"
"PK 037-03  1"	"IRAS 19096+0232"	288.03798497402	2.63253267707	"LP*"
"PK 035-05  1"	"PN K  3-26"	288.6632416666667	0.22674722222222224	"PN"
"PK 037-05  1"	"PN A66   58"	289.5853166666667	1.7832277777777776	"PN"
"PK 037-06  1"	"NGC  6790"	290.7373874	1.5128892	"PN"
"PK 036-06  1"	"PN K  4-25"	290.60420088235	0.21078521969	"Mi*"
"PK 037-06  2"	"V* V850 Aql"	290.89447293181	0.63292478847	"Sy*"
"PK 042-14  1"	"NGC  6852"	300.1633752811	1.72803369265	"PN"
"PK 027+16  1"	"PN DeHt    2"	265.42041692367	3.11598389827	"PN"
"PK 032+07  1"	"PN K  3-1"	275.8405416666666	3.6078333333333332	"PN"
"PK 034+06  1"	"PN K  3-5"	277.94095073143	4.08592197968	"PN"
"PK 035+05  1"	"IRAS 18324+0502"	278.72429813389	5.08118126811	"Mi*"
"PK 038-00  1"	"PN HaTr   12"	285.94694994813	5.161401376770001	"PN"
"PK 036-01  2"	"PN HaTr   11"	285.74738750000006	3.0391027777777775	"PN"
"PK 040-03  1"	"PN K  3-30"	289.1154078399108	5.222055282163334	"PN"
"PK 039-02  1"	"PN M  2-47"	288.3939336893	4.63444831183	"PN"
"PK 038-04  1"	"PN K  4-22"	289.4510383062299	2.8207081553000006	"LP*"
"PK 038-03  3"	"PN K  2-11"	288.5708333333334	3.579722222222222	"?"
"PK 038-03  2"	"PN M  1-69"	288.4745416666666	3.6282722222222223	"PN"
"PK 037-03  2"	"PN A66   56"	288.2753703053741	2.879808693977222	"PN"
"PK 037-02  1"	"PN Ap  3-1"	287.65055021038	2.8244880154100005	"Sy*"
"PK 038-03  1"	"PN K  4-19"	288.344176185	3.41672483168	"PN"
"PK 043-13  1"	"PN A66   67"	299.61259118176	3.0500026503800006	"PN"
"PK 034+11  1"	"NGC  6572"	273.02632579548	6.853618870899999	"PN"
"PK 038+07  1"	"PN K  1-25"	278.29270467	8.305994870000003	"Opt"
"PK 037+07  1"	"PN K  4-2"	278.06317231416	7.23480477965	"Mi*"
"PK 036+06  1"	"PN K  4-3"	278.45660931213	5.88530480704	"LP?"
"PK 038+04  1"	"PN K  4-4"	281.04374704925	6.7819744642	"*"
"PK 037+04  1"	"IPHAS J184446.08+060703.5"	281.19200538289	6.11765597661	"Sy*"
"PK 038+02  1"	"PN YM   16"	283.7387666666666	6.04196111111111	"PN"
"PK 020-02  1"	"PK 020-02  1"	283.68749999999994	6.031666666666666	"PN"
"PK 039+02  1"	"PN K  3-17"	284.0756833333333	7.123855555555555	"PN"
"PK 040-00  1"	"PN A66   53"	286.6912916666667	6.397908333333333	"PN"
"PK 041-00  1"	"PN HaTr   14"	287.30710431605996	7.0956245321199996	"PN"
"PK 042-01  1"	"PN K  4-20"	288.38176653733	7.456060536089999	"*"
"PK 041-02  1"	"NGC  6781"	289.61702083333336	6.538691666666667	"PN"
"PK 043-03  1"	"PN M  4-14"	290.2529916666667	7.614547222222221	"PN"
"PK 044-05  1"	"PN K  3-36"	293.1648208333334	7.4643250000000005	"PN"
"PK 042-06  1"	"NGC  6807"	293.6397083333333	5.684027777777778	"PN"
"PK 044-10  1"	"PN K  4-36"	297.39122408878	5.31106953895	"LP*"
"PK 044-09  1"	"Z 397-5"	296.39508	5.56436	"AG?"
"PK 036+17  1"	"PN A66   43"	268.38448656592	10.6233918771	"PN"
"PK 038+12  1"	"PN Cn  3-1"	274.39208959822	10.150918030109999	"PN"
"PK 040+07  1"	"LEDA   86290"	279.1009833333334	10.312977777777778	"AG?"
"PK 042+05  1"	"PN K  3-14"	282.13671338411	10.597420820099998	"PN"
"PK 041+04  1"	"PN K  3-15"	282.92308333333335	9.914611111111112	"PN"
"PK 043+03  1"	"PN M  1-65"	284.14014540114	10.86933014739	"PN"
"PK 043+01  1"	"PN K  4-13"	286.04671294882	10.179602725540004	"LP*"
"PK 042+01  1"	"PN K  4-11"	285.89153895785	8.74007200768	"*"
"PK 043+02  1"	"IRAS 18599+1013"	285.574388	10.292387	"PN"
"PK 046-03  1"	"PN PB    9"	291.93671827282	10.4057494767	"PN"
"PK 045-02  1"	"PN Vy  2-2"	291.0926625695556	9.898960861785	"PN"
"PK 045-04  1"	"NGC  6804"	292.89643902328	9.225360727830001	"PN"
"PK 046-04  1"	"NGC  6803"	292.81867750822914	10.056005611216946	"PN"
"PK 025+40  1"	"IC 4593"	242.93561644285	12.07139760794	"PN"
"PK 036+21  1"	"PN Y-C   44"	264.60819458787	12.683277180449998	"PN?"
"PK 036+20  1"	"PN Y-C   45"	265.77257257469705	12.34253635846389	"PN?"
"PK 044+05  1"	"PN K  3-16"	283.256625	12.266722222222223	"PN"
"PK 044+05  2"	"PN G044.1+05.8"	282.69525449711	12.624956629109999	"PN"
"PK 045+01  1"	"PN K  3-22"	287.3608333333333	12.01238888888889	"Sy*"
"PK 044+01  1"	"PN K  3-23"	287.4301209865	11.08749989833	"Em*"
"PK 045-00  1"	"HaroChavira  58"	288.62661081333	10.846007520480002	"Mi*"
"PK 045-01  1"	"PN K  3-33"	290.61111452414	10.689239147570001	"PN"
"PK 048-02  1"	"PN PB   10"	292.06036249999994	12.326975	"PN"
"PK 047-03  1"	"V* V976 Aql"	292.57728330824	11.393141780950002	"Mi*"
"PK 047-04  1"	"PN A66   62"	293.3245354548713	10.616600495300833	"PN"
"PK 043+11  1"	"PN M  3-27"	276.9510994377599	14.48501851361	"PN"
"PK 044+10  1"	"PN We  3-1"	278.5096125	14.81948888888889	"PN"
"PK 044+08  1"	"IRAS 18378+1408"	280.0290407072	14.195776928780003	"Mi*"
"PK 048+04  2"	"PN K  4-16"	286.21460657967	15.794201460440005	"PN"
"PK 047+04  1"	"PN K  3-21"	285.66829913395	14.48022100702	"PN"
"PK 046+03  1"	"SH  2-78"	285.7919821557	14.116326549410001	"PN"
"PK 046+02  1"	"PN G046.8+02.9"	286.5957583333333	13.746027777777776	"PN"
"PK 048+01  1"	"PN M  4-13"	288.41009839359	14.98865489854	"PN"
"PK 048+02  1"	"PN K  3-24"	288.0245	15.151250000000001	"PN"
"PK 048+01  2"	"PN K  3-29"	288.87736859411	14.063854615779999	"PN"
"PK 049+02  1"	"PN M  4-12"	288.2727056598129	15.777754198557776	"PN"
"PK 049+00  1"	"PN K  4-23"	289.64479661794996	14.997566322140003	"LP*"
"PK 048-00  1"	"PN K  4-24"	290.31174727297	14.102921998259998	"LP*"
"PK 048-01  1"	"PN DeHt    4"	291.61109999999996	13.326308333333333	"PN"
"PK 050-01  1"	"PN K  4-28"	292.56945	14.7894	"PN"
"PK 051-03  1"	"PN M  1-73"	295.28872395454	14.94971666836	"PN"
"PK 050-03  1"	"V* V998 Aql"	294.26954028251	13.68689255535	"Mi*"
"PK 052-04  1"	"PN M  1-74"	295.57824999999997	15.152305555555555	"PN"
"PK 051-04  1"	"PN PC   22"	295.51464166666665	13.843702777777779	"PN"
"PK 054-12  1"	"NGC  6891"	303.7868480856599	12.704328929650002	"PN"
"PK 050+05  1"	"PN A66   52"	286.13475833333337	17.951980555555554	"PN"
"PK 048+04  1"	"EM* AS  338"	285.94515502177	16.43804762192	"Sy*"
"PK 051+03  1"	"EM* AS  345"	288.51724009163	17.5258679034	"PN"
"PK 050+03  1"	"Hen 2-427"	287.87864548657	16.860611371739996	"WR*"
"PK 051+02  1"	"SS 438"	288.74885794176	17.37945212631	"PN"
"PK 051+01  1"	"IRAS 19170+1706"	289.82794158921	17.196910540920005	"PN"
"PK 052-02  1"	"PN K  3-41"	294.81608333333327	16.346305555555556	"PN"
"PK 052-02  2"	"PN Me  1-1"	294.7909175819	15.94674298431	"PN"
"PK 053-01  1"	"PN K  3-38"	293.82647499999996	17.216863888888888	"PN"
"PK 054-02  1"	"PN M  1-72"	295.39155401762	17.754868194489998	"PN"
"PK 053-03  2"	"V* HM Sge"	295.48783161872	16.74439051773	"Sy*"
"PK 054-03  1"	"PN K  4-34"	296.60835657291	17.01733332031	"LP*"
"PK 053-03  1"	"PN A66   63"	295.54287357862	17.08734958587	"PN"
"PK 059-18  1"	"PN A66   72"	312.50855126813	13.558201504869999	"PN"
"PK 045+24  1"	"PN K  1-14"	265.65318295829	21.450677559979997	"PN"
"PK 051+09  1"	"PN Hu  2-1"	282.44817090972	20.84427691521	"PN"
"PK 052+07  1"	"PN K  4-10"	284.76566301443	20.61697791406	"PN"
"PK 051+06  1"	"PN K  1-17"	285.9056757673329	19.3562323989797	"PN"
"PK 053+03  1"	"PN A66   59"	289.6666791666667	19.575819444444445	"PN"
"PK 052+02  1"	"PN K  3-31"	289.76102369833	19.039169085010002	"PN"
"PK 055+02  2"	"Hen 1-1"	290.9452083333333	21.110416666666666	"PN"
"PK 055+02  1"	"Hen 2-432"	290.8533675013599	21.1334395892025	"PN"
"PK 055+01  1"	"PN G055.0+01.8"	291.66726666666665	20.487508333333334	"PN"
"PK 055-01  2"	"V* FT Sge"	295.22639757516	18.7467087347	"Mi*"
"PK 055-01  1"	"PN K  3-43"	295.10795	18.82061111111111	"PN"
"PK 055-00  1"	"PN M  1-71"	294.112169785032	19.7066718975207	"PN"
"PK 057-03  1"	"PN K  4-38"	297.83775002604	19.9592341595	"LP*"
"PK 057-02  1"	"PN K  4-35"	297.22243246025	20.11881361144	"Mi*"
"PK 056-06  1"	"PN K  3-51"	300.6514324748417	17.61413909460917	"PN"
"PK 057-08  1"	"NGC  6879"	302.611220856817	16.922575586261388	"PN"
"PK 058-10  1"	"IC 4997"	305.03648248915	16.731583037049997	"PN"
"PK 043+37  1"	"NGC  6210"	251.12299625806997	23.79983943286	"PN"
"PK 055+06  1"	"PN A66   54"	287.16464298447	22.9832049338	"PN"
"PK 056+04  1"	"PN K  3-32"	289.90368073882996	22.576323065600004	"PN"
"PK 056+02  1"	"PN K  3-35"	291.93322916579996	21.50080777506	"PN"
"PK 055+02  3"	"Hen 1-2"	291.65727002121	21.15748374663	"PN"
"PK 057+02  1"	"PN K  4-29"	292.66177970533	23.059577193589995	"Mi*"
"PK 057+01  1"	"PN K  4-30"	293.28761186665	22.976009997	"PN?"
"PK 059-01  1"	"Hen 1-3"	297.11000147765	22.14369662618	"PN"
"PK 057-01  1"	"Hen 2-447"	296.34234876074	21.33442312584	"PN"
"PK 060-04  1"	"PN A66   68"	300.0441780443387	21.715561238676663	"PN"
"PK 058-05  1"	"PN WeSb    5"	300.42504751661	19.911148048200005	"PN"
"PK 060-07  2"	"NGC  6886"	303.178459	19.989620000000002	"PN"
"PK 060-07  1"	"Hen 1-5"	302.98358148667	20.334561373369997	"pA*"
"PK 061-09  1"	"NGC  6905"	305.59579967728	20.104523625579997	"PN"
"PK 051+25  1"	"2MASS J17445657+2720070"	266.23574116552	27.33530118724	"*"
"PK 053+24  1"	"PN Vy  1-2"	268.59574999999995	27.999472222222224	"PN"
"PK 055+16  1"	"PN A66   46"	277.8274627956499	26.93669743058	"PN"
"PK 056+14  1"	"IRAS 18390+2653"	280.2632073965	26.93893157726	"G"
"PK 058+06  1"	"PN A66   57"	289.27356660005	25.62580344644	"PN"
"PK 059+04  1"	"PN K  3-34"	291.01139583333327	25.313211111111112	"PN"
"PK 060+01  1"	"Hen 2-440"	294.5348333333333	25.26141666666667	"PN"
"PK 059+02  2"	"PN K  3-39"	293.97695416666664	24.913388888888885	"PN"
"PK 059+02  1"	"PN K  3-37"	293.4447916666667	24.540861111111113	"PN"
"PK 058+01  1"	"PN K  3-40"	294.090875	23.66325	"PN"
"PK 060-00  1"	"PN K  3-45"	296.5651125	24.18435277777778	"PN"
"PK 059-00  1"	"Hen 2-446"	296.02191443941	23.446654761010002	"LP*"
"PK 062-01  1"	"IRAS 19521+2449"	298.5628942405	24.964339377279998	"Mi*"
"PK 060-02  1"	"PN K  4-39"	298.27398425912	23.226674002129997	"*"
"PK 060-03  1"	"M  27"	299.90151327087	22.721197794319995	"PN"
"PK 060-03"	"M  27"	299.90151327087	22.721197794319995	"PN"
"PK 064-09  1"	"PN K  4-43"	307.03614166666665	22.852336111111114	"PN?"
"PK 063-12  1"	"V* LT Del"	308.98848105816995	20.190974138280005	"Sy*"
"PK 047+42  1"	"PN A66   39"	246.89049967631996	27.909297605660004	"PN"
"PK 058+12  1"	"PN K  4-9"	283.42154753538	28.536798254759997	"*"
"PK 061+08  1"	"PN K  3-27"	288.6248331996	28.67924856753	"PN"
"PK 061+03  1"	"Hen 2-437"	293.24001688947	26.87863553405	"PN"
"PK 063+00  1"	"PN K  3-48"	298.03802500000006	27.308608333333332	"PN"
"PK 062-00  1"	"PN M  2-48"	297.618855	25.908206999999997	"PN"
"PK 064-02  1"	"PN K  3-53"	300.8435833333333	27.015222222222224	"PN"
"PK 063-03  1"	"PN K  3-54"	301.24430911057	25.44368680259	"PN"
"PK 065-03  1"	"PN G065.1-03.5"	302.2706583333333	26.448369444444445	"PN"
"PK 063-03  2"	"PN K  4-42"	301.66965922605	25.00319367044	"LP*"
"PK 065-05  1"	"Hen 1-6"	304.3392666666667	25.362994444444446	"PN"
"PK 062+09  1"	"NGC  6765"	287.77732634759	30.545465020359998	"PN"
"PK 064+05  1"	"HD 184738"	293.68847400852	30.516375180899995	"PN"
"PK 064+02  1"	"PN K  4-33"	296.43065107023	28.635508265060004	"LP?"
"PK 064+00  1"	"V* AA Vul"	297.6085324612	28.188763621790006	"Mi*"
"PK 065+00  1"	"NGC  6842"	298.75891666666666	29.289500000000004	"PN"
"PK 066-05  1"	"Hen 1-7"	304.90886956057	27.003117664889995	"PN"
"PK 064+15  1"	"PN M  1-64"	282.5087083333333	35.24336111111111	"PN"
"PK 063+13  1"	"M  57"	283.39623652463	33.029134246539996	"PN"
"PK 063+13"	"M  57"	283.39623652463	33.029134246539996	"PN"
"PK 068+03  1"	"PN PC   23"	297.9696666666667	32.988277777777775	"PN"
"PK 066+02  1"	"PN K  4-37"	297.7525039746	31.04135708514	"PN"
"PK 068+01  1"	"PN K  4-41"	299.14177916666665	32.370266666666666	"PN"
"PK 068+01  2"	"EM* AS  375"	299.8250583333333	31.91087222222222	"PN"
"PK 067-00  1"	"PN K  3-52"	300.7976666666667	30.542805555555557	"PN"
"PK 068-00  1"	"PN M  1-75"	301.18421125	31.45740758333333	"PN"
"PK 068-02  1"	"Hen 2-459"	303.49121227672	29.565520567990003	"PN"
"PK 069-02  1"	"NGC  6894"	304.09985416666666	30.564769444444444	"PN"
"PK 069-03  1"	"PN K  3-58"	305.4928291666667	29.989188888888886	"PN"
"PK 068+14  1"	"PN Sp  4-1"	285.11060850206	38.35202225056	"PN"
"PK 069+03  1"	"PN K  3-46"	297.5013041666666	33.7644	"PN"
"PK 069+02  1"	"PN K  3-49"	298.50256955641	33.37013641156	"PN"
"PK 070+01  2"	"NGC  6857"	300.44879166666664	33.52594444444444	"HII"
"PK 069+01  1"	"LBN 070.13+01.71"	300.22187	33.49056	"HII"
"PK 070+01  1"	"W 58a"	300.44083333333333	33.54527777777778	"HII"
"PK 072+00  1"	"PN K  3-57"	303.19885416666665	34.34244166666667	"PN"
"PK 069+00  1"	"PN K  3-55"	301.73448200368	32.27704004098	"PN"
"PK 071-02  1"	"PN M  3-35"	305.26567993463993	32.49000145325001	"PN"
"PK 061+41  1"	"PN DdDm    1"	250.07563218679	38.70556496093	"PN"
"PK 073-02  1"	"PN K  3-76"	306.27030468481996	33.58069265723999	"PN"
"PK 064+48  1"	"NGC  6058"	241.11061734697	40.68304149751	"PN"
"PK 075+05  1"	"EM* AS  373"	299.27090271051	39.82668781750999	"Sy*"
"PK 075+04  1"	"PN G075.6+04.3"	301.06709166666667	39.59246944444445	"PN"
"PK 074+02  1"	"NGC  6881"	302.7185416666667	37.41177777777777	"PN"
"PK 074+01  1"	"Hen 2-461"	304.11006634254	37.10165946126	"AB*"
"PK 076+01  2"	"PN KjPn    3"	304.31442768958	38.83994242318	"PN?"
"PK 076+01  1"	"PN A66   69"	304.9930958333333	38.4006	"PN"
"PK 075-04  1"	"V* V2428 Cyg"	310.32923834806877	34.74785108470695	"Sy*"
"PK 077-05  1"	"V* V1329 Cyg"	312.75513405938	35.58169762731	"Sy*"
"PK 259+00  2"	"WRAY 16-24"	129.49333333333337	-39.739444444444445	"PN?"
"PK 259+00  1"	"WRAY 16-23"	129.28375	-39.41861111111111	"PN"
"PK 258-00  1"	"EM* AS  200"	127.11648804555001	-39.394455851290004	"PN"
"PK 258-03  1"	"V* RX Pup"	123.55126656175	-41.70807779696	"Sy*"
"PK 257-05  1"	"PN G257.8-05.4"	121.39032500000002	-41.93805555555555	"PN"
"PK 256-11  1"	"WRAY 17-6"	113.84833333333333	-44.0175	"PN?"
"PK 261+06  1"	"WRAY 17-25"	137.31166666666667	-37.71333333333334	"?"
"PK 261+04  1"	"WRAY 17-22"	134.06208333333333	-39.03611111111111	"PN?"
"PK 261+02  1"	"EM* AS  204"	133.37867242875	-40.06188325013	"PN"
"PK 260-03  1"	"WRAY 16-20"	125.91954166666665	-43.21308333333334	"SNR"
"PK 261-04  1"	"WRAY 16-19"	125.26712402928	-44.39826848117	"PN?"
"PK 259-07  1"	"2MASS J07593083-4443590"	119.87846150683	-44.73304457816	"G"
"PK 259-09  2"	"2MASX J07522956-4550587"	118.12319274726	-45.84963663923	"G"
"PK 259-09  1"	"PN Y-C  2-2"	118.1931578293	-45.20057741802001	"PN?"
"PK 258-15  1"	"WRAY 17-1"	108.70593362416001	-46.96088862875	"PN"
"PK 264+08  1"	"WRAY 17-29"	141.125	-38.611111111111114	"PN?"
"PK 264+03  1"	"WRAY 17-24"	136.77875	-42.25694444444444	"PN?"
"PK 263+00  1"	"PN K  2-15"	132.16273076736	-42.89833492694	"HII"
"PK 262-04  1"	"WRAY 17-18"	125.97427083333332	-45.51963888888889	"PN"
"PK 264-03  1"	"WRAY 17-20"	128.61452916666667	-46.42604166666666	"PN"
"PK 263-05  1"	"PN PB    2"	125.16744776526998	-46.38291911662	"PN"
"PK 262-08  1"	"WRAY 16-11"	120.68750000000001	-47.96194444444445	"?"
"PK 261-08  2"	"WRAY 17-11"	119.88374999999999	-47.03527777777778	"PN?"
"PK 261-08  1"	"WRAY 17-14"	120.35166666666667	-46.95	"PN?"
"PK 263-09  1"	"WRAY 17-13"	120.10666666666667	-48.515277777777776	"PN?"
"PK 263-08  1"	"ESO 209-15"	121.29660833333332	-48.391927777777774	"PN"
"PK 262-10  1"	"WRAY 16-9"	118.90208333333332	-48.82944444444445	"PN?"
"PK 266+08  1"	"WRAY 16-50"	143.18416666666667	-39.56638888888889	"PN?"
"PK 265+05  1"	"ESO 314-12"	139.79094316283	-41.18420571644	"G"
"PK 266+02  2"	"PN Pe  2-2"	137.26530057205	-44.2956799872	"*"
"PK 266+02  1"	"PN Pe  2-3"	137.56961036165	-44.40889181225	"LP*"
"PK 265+04  1"	"NGC  2792"	138.1106708333333	-42.427477777777774	"PN"
"PK 266+00  1"	"Ve 6-22"	134.81624425683	-45.59309587366	"LP*"
"PK 266+01  1"	"PN Pe  2-1"	136.04533920044	-44.54793831562999	"*"
"PK 265-02  1"	"Ve 7-26"	130.86706628506	-46.11109902221	"PN"
"PK 266-01  1"	"Ve 7-27"	132.99869722268	-46.30202167033	"PN"
"PK 266-00  1"	"Ve 6-21"	134.15203333333332	-46.399252777777775	"Be*"
"PK 265-04  1"	"ESO 259-10"	128.5294320399	-47.276973458209994	"PN"
"PK 264-08  1"	"WRAY 16-16"	122.88250000000001	-48.721583333333335	"PN"
"PK 265-09  1"	"WRAY 16-14"	122.09999999999998	-50.55	"PN?"
"PK 264-12  1"	"WRAY 16-8"	116.83350589353999	-51.25095350052	"PN"
"PK 255-59  1"	"PN Lo    1"	44.24347043833001	-44.1716230434	"PN"
"PK 268+07  1"	"WRAY 16-52"	143.67333333333332	-41.6825	"?"
"PK 268+02  1"	"PN PB    5"	139.04003100000003	-45.478558	"PN"
"PK 268-03  1"	"WRAY 17-21"	131.65249999999997	-49.35444444444445	"PN?"
"PK 267-03  1"	"WRAY 16-28"	130.87228333333334	-48.91318055555555	"PN"
"PK 268-14  1"	"WRAY 17-9"	117.86375	-55.69972222222222	"PN"
"PK 271+03  1"	"WRAY 16-51"	143.37313590119	-46.58081756768	"LP*"
"PK 270-04  1"	"WRAY 16-31"	133.1854166666667	-51.6825	"PN?"
"PK 269-03  1"	"PN PB    3"	133.57649088631	-50.53961122554	"PN"
"PK 270-05  1"	"WRAY 16-29"	132.69541666666666	-52.60722222222223	"PN?"
"PK 271-08  1"	"CSRG  557"	128.69380587794	-55.06144431626	"AG?"
"PK 269-13  1"	"WRAY 17-12"	119.815	-55.60944444444445	"PN?"
"PK 274+09  1"	"PN Lo    4"	151.44078337892	-44.35931207844	"PN"
"PK 273+06  1"	"PN HbDs    1"	148.18551141474	-46.27984909188	"PN"
"PK 274+03  3"	"WRAY 17-37"	147.06083333333336	-48.55638888888888	"PN?"
"PK 274+01  1"	"WRAY 16-53"	144.50504339944	-50.16167101889	"PN?"
"PK 274+02  3"	"WRAY 17-33"	144.63958333333335	-49.76277777777778	"PN?"
"PK 274+02  2"	"WRAY 16-57"	145.40624521210708	-49.966274495640555	"PN"
"PK 274+02  1"	"WRAY 16-56"	145.30832782151	-49.3797795707	"Sy*"
"PK 274+03  1"	"WRAY 16-59"	146.85331805579	-48.97073693499001	"PN"
"PK 272+00  1"	"WRAY 16-45"	141.01833333333335	-50.2525	"PN?"
"PK 273-03  1"	"WRAY 16-35"	137.16688145051	-53.32049513542	"PN"
"PK 275+06  1"	"WRAY 16-65"	151.21249999999998	-47.10638888888889	"PN"
"PK 274+03  2"	"WRAY 16-58"	146.72	-49.39416666666666	"PN?"
"PK 274-00  1"	"ESO 212-8"	142.84916666666666	-52.12111111111111	"?"
"PK 275-01  1"	"PN Pe  2-4"	142.70175300000002	-53.166584	"PN"
"PK 275-03  1"	"WRAY 16-40"	139.50548870949	-54.65810155448	"PN"
"PK 275-02  2"	"WRAY 16-46"	141.19097972705	-54.60430882046	"PN"
"PK 275-02  1"	"WRAY 16-44"	140.52826215035	-54.16096171987999	"PN"
"PK 277-03  1"	"NGC  2899"	141.7625833333333	-56.10586111111112	"PN"
"PK 275-04  2"	"WRAY 15-344"	138.47020833333335	-55.471444444444444	"PN"
"PK 275-04  1"	"PN PB    4"	138.78227990366	-54.87885349076	"PN"
"PK 276-18  1"	"ESO  89-5"	117.65869720320998	-64.26302183894	"EmG"
"PK 278+05  1"	"PN PB    6"	153.31650940299	-50.33321221658	"PN"
"PK 279+01  1"	"WRAY 17-38"	149.92	-53.47	"PN"
"PK 278+00  1"	"WRAY 16-61"	148.01833333333335	-53.56583333333333	"PN?"
"PK 279-03  2"	"WRAY 17-35"	145.21958333333333	-56.965833333333336	"PN"
"PK 277-03  2"	"WRAY 17-31"	142.83552056802	-56.29431773579	"PN"
"PK 279-03  1"	"CD-56  2932"	145.85680049264917	-57.282091942548604	"PN"
"PK 278-05  1"	"NGC  2867"	140.3557635284	-58.31128518988999	"PN"
"PK 278-04  1"	"WRAY 16-49"	142.72958333333332	-57.61388888888889	"PN"
"PK 278-06  3"	"WRAY 16-42"	139.90625	-59.06333333333333	"PN?"
"PK 278-06  1"	"PN My   47"	139.86458333333334	-59.20008333333334	"PN"
"PK 278-06  2"	"WRAY 17-28"	140.81125	-58.86611111111111	"PN?"
"PK 279-08  1"	"WRAY 17-26"	138.41958333333332	-60.76555555555556	"PN?"
"PK 277-07  1"	"ESO 126-1"	138.15603226522	-58.84227973095	"GiG"
"PK 279-38  1"	"SMP LMC 104A"	66.38412276978	-66.78785511134	"PN"
"PK 280+02  1"	"PN Sa  2-56"	152.99025833333334	-52.638080555555554	"PN"
"PK 280-00  1"	"WRAY 17-39"	150.73872220005	-55.83597366616001	"LP*"
"PK 280-02  2"	"ESO 167-10"	148.24833333333333	-57.42444444444444	"?"
"PK 280-02  1"	"WRAY 16-62"	148.68036992894	-57.3145610838	"Sy*"
"PK 282-02  1"	"CPD-57  2561"	150.56670374215	-58.23057258676	"Em*"
"PK 281-04  1"	"V* SV Car"	147.08593127357	-59.53656759911	"Mi*"
"PK 281-05  1"	"IC 2501"	144.69662570911	-60.09189101070001	"PN"
"PK 282-07  1"	"WRAY 17-32"	144.26375	-62.45166666666667	"PN?"
"PK 282-10  1"	"WRAY 17-27"	139.19333333333336	-64.97111111111111	"PN?"
"PK 284-39  1"	"ESO  55-9"	60.76490771268999	-70.24376831483	"G"
"PK 283+12  1"	"ESO 264-53"	164.31906865281	-46.17338189795999	"EmG"
"PK 283+06  2"	"WRAY 15-619"	159.78616116446	-51.40351440735	"Sy*"
"PK 282+03  1"	"WRAY 17-45"	157.88312499999998	-53.558194444444446	"PN"
"PK 283+03  1"	"WRAY 16-72"	158.57954583333333	-53.68419722222222	"PN"
"PK 283+02  1"	"PN My   60"	157.88930628913	-55.34745043899999	"PN"
"PK 283-01  1"	"PN Hf    4"	153.89575	-58.85294444444445	"PN"
"PK 283-04  1"	"WRAY 16-64"	150.95502008004	-60.73007576050001	"PN"
"PK 284-05  1"	"WRAY 15-490"	150.510404711	-61.95450571213	"Em*"
"PK 283-07  1"	"WRAY 17-34"	144.98708333333335	-63.20638888888888	"*"
"PK 286-29  1"	"PN K  1-27"	89.25906185735	-75.6729105667	"PN"
"PK 283+09  1"	"CD-48  6027"	163.6690004584	-48.78411550501001	"HS*"
"PK 286+02  1"	"WRAY 16-79"	162.18012581723	-56.05267790162	"PN"
"PK 285+02  1"	"PN Pe  2-7"	160.331625	-56.1545	"PN"
"PK 285+01  1"	"PN Pe  1-1"	159.61494020057	-56.785340783790005	"PN"
"PK 285+01  2"	"PN Pe  1-2"	159.8862837684	-57.10392847032	"PN"
"PK 285-01  2"	"WRAY 17-44"	157.32166666666666	-59.8275	"PN?"
"PK 285-01  1"	"PN Pe  2-5"	157.14426895975	-59.05648986084	"PN"
"PK 286-02  1"	"WRAY 17-43"	156.6725	-60.926944444444445	"PN?"
"PK 285-02  1"	"PN My   59"	155.78807541853	-60.545028817440006	"PN"
"PK 287-02  1"	"WRAY 16-73"	158.90287515317	-60.64553178537	"PN?"
"PK 286-06  1"	"WRAY 16-66"	151.84840982094	-63.9083509342	"PN"
"PK 285-05  1"	"IC 2553"	152.33692325378	-62.61348478392	"PN"
"PK 286-04  1"	"NGC  3211"	154.4606	-62.670027777777776	"PN"
"PK 286-06  2"	"WRAY 17-40"	151.74831632682	-64.36386029108	"PN"
"PK 285-07  1"	"ESO  92-2"	149.87019304166665	-64.73306305555555	"EmG"
"PK 285-14  1"	"IC 2448"	136.77632990827	-69.94185907713	"PN"
"PK 286+11  1"	"PN Lo    5"	168.47560416666667	-47.95017777777778	"PN"
"PK 286+10  1"	"ESO 215-31"	167.64486321618	-49.102637078709996	"EmG"
"PK 287+10  1"	"ESO 215-39"	169.2675625	-49.201461111111115	"EmG"
"PK 288+05  1"	"UCAC2   8008259"	166.62745613728	-54.80960567494999	"Be*"
"PK 288+00  1"	"PN Hf   38"	163.64766666666668	-59.16313888888889	"PN"
"PK 289-00  1"	"V* AG Car"	164.04824225602	-60.45355852034999	"WR*"
"PK 288+00  2"	"ESO 128-25"	164.91874583333333	-59.019600000000004	"PN?"
"PK 288-00  1"	"WRAY 15-682"	163.49824055405	-60.44565585981001	"WR*"
"PK 289-01  1"	"Hen 2-57"	164.0125	-61.468722222222226	"PN"
"PK 288-02  1"	"PN Pe  1-3"	161.12966666666665	-61.660694444444445	"PN"
"PK 288-05  1"	"WRAY 16-74"	158.94050901558	-64.31987849332	"PN"
"PK 289-08  1"	"WRAY 17-42"	155.26416666666665	-67.53305555555555	"?"
"PK 288-08  1"	"WRAY 17-41"	152.20939118174	-67.03158127265	"*"
"PK 289-11  1"	"LEDA  275837"	151.44833671969	-70.01983540377	"EmG"
"PK 289+10  1"	"PN Y-C  2-13"	172.86087636025	-49.97747198342999	"PN?"
"PK 290+09  1"	"LEDA 5060485"	172.48532603358	-51.257956410300004	"AG?"
"PK 289+07  1"	"WRAY 16-88"	171.004351	-52.855385	"PN"
"PK 290+07  1"	"PN Fg    1"	172.15093479587	-52.93447735954	"PN"
"PK 288+08  1"	"ESO 216-2"	169.54070425931	-52.16741033567	"PN"
"PK 290-00  1"	"PN Hf   48"	165.98325	-60.601277777777774	"PN"
"PK 289-00  2"	"BRAN 334B"	165.28041666666667	-60.79388888888889	"ISM"
"PK 291-04  1"	"IC 2621"	165.0834518	-65.249397	"PN"
"PK 292+04  1"	"PN PB    8"	173.32423015163	-57.10414608635	"PN"
"PK 291+03  1"	"WRAY 16-89"	171.85129166666664	-57.29969444444444	"PN"
"PK 292+01  3"	"WRAY 16-93"	172.70141666666666	-59.284611111111104	"PN"
"PK 292+01  2"	"WRAY 16-92"	172.19745853649	-60.1101855568	"PN"
"PK 292+01  1"	"NGC  3699"	171.990999335015	-59.95790397583083	"PN"
"PK 323-88  1"	"WRAY 15-807"	171.38646252581	-59.942804861970004	"Sy*"
"PK 293+01  1"	"WRAY 16-96"	173.79568233231	-60.28361903639	"PN"
"PK 294-00  2"	"[W65] c18"	174.52123384035	-62.2671944595	"WR*"
"PK 292-01  1"	"WRAY 17-46"	170.79936028859	-62.34108832554999	"*"
"PK 294-04  1"	"WRAY 16-94"	172.93941881742	-65.97059546079	"PN"
"PK 295-09  2"	"WRAY 16-87"	169.51666666666668	-70.63444444444445	"PN"
"PK 295-09  1"	"WRAY 16-86"	169.42981747553	-70.82560160605	"PN"
"PK 295-13  1"	"ESO  38-7"	165.68041666666664	-74.88777777777779	"?"
"PK 296-20  1"	"NGC  3195"	152.33712500000001	-80.8585361111111	"PN"
"PK 293+10  1"	"ESO 217-11"	178.27750833333334	-50.84976666666667	"PN"
"PK 292+10  1"	"WRAY 17-49"	176.9	-51.46666666666667	"PN?"
"PK 295+06  1"	"WRAY 16-102"	179.06833333333336	-55.550555555555555	"PN?"
"PK 293+05  1"	"WRAY 17-48"	176.42458333333332	-56.347500000000004	"PN?"
"PK 295+04  1"	"WRAY 17-50"	179.07500000000002	-57.2	"PN?"
"PK 294+04  1"	"NGC  3918"	177.57404562706	-57.18250480623001	"PN"
"PK 294+00  1"	"WRAY 17-47"	176.14166666666665	-61.19416666666666	"PN?"
"PK 294-00  1"	"PN Hf   69"	175.40538949765917	-62.48190055227389	"PN"
"PK 296-03  1"	"WRAY 16-100"	177.1587316	-65.14345699337	"PN"
"PK 296-06  2"	"WRAY 16-99"	174.81416666666667	-68.77	"PN?"
"PK 296-06  1"	"WRAY 16-98"	174.79665246087	-68.86916190244	"PN"
"PK 294+14  1"	"PN Lo    6"	180.18121275216998	-47.55342629047	"PN"
"PK 294+12  1"	"WRAY 16-103"	180.05	-49.43333333333333	"PN?"
"PK 296+10  1"	"WRAY 17-53"	182.51916666666665	-51.775555555555556	"PN?"
"PK 295+07  1"	"WRAY 17-52"	180.86458333333334	-54.407777777777774	"PN?"
"PK 297+03  1"	"WRAY 16-107"	182.29252904393996	-58.710356768980006	"PN"
"PK 299-01  1"	"WRAY 16-111"	185.75549999999998	-64.0295	"PN"
"PK 299-00  2"	"BRAN 386E"	184.97291666666666	-62.91888888888889	"HII"
"PK 298-01  2"	"WRAY 16-105"	182.10541666666666	-64.20222222222222	"PN"
"PK 298-01  1"	"WRAY 16-108"	183.83562506505996	-63.65371305731001	"PN"
"PK 298-00  1"	"ESO  95-1"	182.25524999999996	-63.26656388888888	"HII"
"PK 299-00  1"	"WRAY 16-110"	185.59658143482997	-63.28800569988999	"Ae*"
"PK 298-04  1"	"NGC  4071"	181.06125638405996	-67.310127293	"PN"
"PK 299-04  1"	"PN HaTr    1"	184.13806666666667	-66.76251944444445	"PN"
"PK 297-03  1"	"WRAY 17-51"	180.09833333333333	-65.7925	"PN?"
"PK 297+13  1"	"WRAY 17-54"	184.1291666666667	-49.19305555555555	"PN?"
"PK 297+07  1"	"WRAY 17-55"	184.34166666666664	-54.596111111111114	"PN?"
"PK 299+02  1"	"WRAY 16-112"	185.9720833333333	-60.22027777777778	"PN"
"PK 300+00  1"	"WRAY 16-114"	187.18327416813997	-62.09308890917001	"PN"
"PK 300-01  1"	"WRAY 16-116"	187.5319314455	-63.88354423741	"PN"
"PK 300-00  1"	"WRAY 16-115"	187.1951907480192	-63.7436312809147	"PN"
"PK 300-02  1"	"WRAY 16-117"	187.62681030297998	-64.86824699632	"PN"
"PK 300-03  1"	"ESO  95-12"	187.60274583333333	-66.23977222222223	"PN"
"PK 300-02  2"	"WRAY 16-113"	187.154125	-65.3223611111111	"Em*"
"PK 302-05  1"	"PN Y-C  2-14"	190.839875	-68.21158333333334	"PN?"
"PK 302+02  1"	"WRAY 16-120"	191.47762500000002	-60.3376388888889	"PN"
"PK 303+01  1"	"THA 17-3"	193.37876496159998	-61.85899912647	"Em*"
"PK 302-00  1"	"WRAY 16-119"	191.44586336166998	-63.00990097454	"LP?"
"PK 302-00  2"	"WRAY 16-121"	192.1291666666667	-63.83305555555556	"PN"
"PK 304-04  1"	"IC 4191"	197.19711332414	-67.64376190573	"PN"
"PK 305-13  1"	"ESO  40-11"	203.55971856901	-75.77535829055	"PN"
"PK 304+05  2"	"WRAY 16-122"	195.17182061844	-56.89458874163	"PN"
"PK 304+05  1"	"WRAY 16-123"	196.45094642630997	-57.656794952620004	"PN"
"PK 305+03  2"	"WRAY 17-58"	197.58209360522	-59.75308799795	"PN"
"PK 305+03  1"	"PN Sa  3-22"	198.62625212183997	-58.86378579014001	"Sy*"
"PK 305+01  1"	"WRAY 16-125"	197.40099608992915	-61.32666006981806	"PN"
"PK 305-00  1"	"THA 17-18"	197.52022315087999	-63.191661482389996	"Be*"
"PK 306-00  1"	"PN Th  2-A"	200.64150915219085	-63.35055963819972	"PN"
"PK 306-00  2"	"PK 306-00  2"	201.55791666666664	-63.573888888888895	"PN?"
"PK 307-01  1"	"PN Th  2-B"	202.16188095038748	-63.82953388288445	"PN"
"PK 305-03  1"	"WRAY 17-59"	199.87460977195997	-66.15225064762	"PN"
"PK 307-03  1"	"NGC  5189"	203.38699183926	-65.97417817452	"PN"
"PK 307-04  1"	"PN MyCn   18"	204.89608174103998	-67.38104180476	"PN"
"PK 307-09  1"	"WRAY 16-135"	206.34317784362	-71.48225505712	"PN"
"PK 308-12  2"	"WRAY 17-65"	213.8975	-74.11583333333333	"PN?"
"PK 308-12  1"	"Hen 2-105"	213.85325278984996	-74.21279724556	"PN"
"PK 313-21  1"	"ESO  23-8"	255.50526134403998	-78.45442002474	"AG?"
"PK 307+05  1"	"WRAY 16-128"	201.09140841723996	-57.52210737477999	"PN"
"PK 309+01  1"	"PN VBRC    5"	206.00012916666665	-60.829683333333335	"PN"
"PK 308+00  2"	"WRAY 17-63"	205.0945833333333	-62.10888888888889	"PN?"
"PK 307+01  1"	"WRAY 16-129"	201.53625	-61.254444444444445	"PN?"
"PK 309+00  1"	"WRAY 16-133"	205.65068280545	-61.37469790595999	"PN"
"PK 308-01  1"	"ESO  97-3"	205.27083333333331	-64.26166666666667	"?"
"PK 307-01  2"	"WRAY 17-61"	204.4195754784	-64.01153517413	"EmO"
"PK 302-02  1"	"PN MaC  1-2"	208.61277916666668	-64.99337222222223	"PN"
"PK 310-03  1"	"WRAY 16-143"	210.08125	-65.42472222222223	"PN?"
"PK 310-02  1"	"WRAY 16-144"	211.403125	-64.68352777777778	"PN"
"PK 309-04  1"	"WRAY 16-139"	208.12783646241	-66.39071595802	"PN"
"PK 309-04  2"	"NGC  5315"	208.48738616486	-66.51412763424	"PN"
"PK 310-05  1"	"PN LoTr    7"	213.85010416666665	-67.53218611111112	"PN"
"PK 313-12  1"	"PN LoTr   11"	230.29349871903	-72.22385373879	"PN"
"PK 310+06  1"	"SV* HV  4656"	205.99510602884996	-55.3286882815	"Em*"
"PK 309+06  1"	"PK 309+06  1"	204.73749999999998	-56.11666666666667	"?"
"PK 311+03  1"	"WRAY 16-141"	208.73205750594	-58.45458840486	"Sy*"
"PK 311+02  1"	"WRAY 16-142"	209.55791590357998	-58.90877333609	"PN"
"PK 312-02  1"	"WRAY 16-148"	213.53921486989	-63.42953314828	"Sy*"
"PK 312-01  1"	"WRAY 16-151"	214.68058037915	-63.119469213950005	"PN"
"PK 311-00  1"	"WRAY 17-64"	212.19625	-62.499722222222225	"PN"
"PK 311-02  1"	"WRAY 16-146"	212.94280704643998	-64.27332043269	"PN"
"PK 313-05  1"	"WRAY 17-67"	220.22166666666664	-65.84805555555555	"PN?"
"PK 320-28  1"	"Hen 2-434"	293.4556891352	-74.54962657041	"PN"
"PK 313+04  1"	"WRAY 16-145"	212.19568045775998	-57.07683512796	"Sy*"
"PK 315-01  1"	"PN LoTr    9"	220.32474583333334	-61.332661111111115	"PN"
"PK 315-00  1"	"WRAY 16-156"	218.32487500000002	-60.826750000000004	"PN"
"PK 314-00  2"	"WRAY 16-154"	217.77557666987542	-61.34989857414029	"WR*"
"PK 314-00  1"	"WRAY 16-155"	218.26708333333332	-60.91611111111111	"PN?"
"PK 315-04  1"	"WRAY 16-158"	223.15097639305998	-64.0395279012	"PN"
"PK 317-05  1"	"NGC  5844"	227.66916666666665	-64.67361111111111	"PN"
"PK 312+10  1"	"NGC  5307"	207.76357536599	-51.20578770694	"PN"
"PK 315+05  2"	"PN LoTr    8"	215.499875	-55.03805555555555	"PN"
"PK 315+05  1"	"WRAY 16-152"	215.20383333333336	-55.46644444444445	"PN"
"PK 316-01  1"	"PN LoTr   10"	221.58432916666666	-61.22649166666667	"PN"
"PK 318-03  1"	"ESO 135-4"	227.1814375	-61.737322222222225	"PN"
"PK 318-02  3"	"WRAY 16-161"	226.38515416666667	-60.81419444444444	"PN?"
"PK 318-02  2"	"WRAY 16-163"	226.50791666666663	-61.35527777777778	"PN"
"PK 318-02  1"	"WRAY 16-159"	226.03593988850997	-60.888928053360004	"PN"
"PK 319-04  1"	"ESO 135-9"	231.86124999999998	-62.51888888888889	"?"
"PK 320-09  1"	"HD 141969"	239.00706253171	-66.1525643947	"PN"
"PK 321-09  1"	"ESO 100-7"	240.330675	-64.79821944444444	"EmG"
"PK 319-09  1"	"WRAY 16-186"	236.7937622365	-66.48779685817	"Sy*"
"PK 321-11  1"	"ESO 100-12"	243.10221026939	-66.65374027703	"EmG"
"PK 321-11  2"	"ESO 100-16"	244.27961981671	-66.63349132272	"EmG"
"PK 315+09  1"	"WRAY 16-147"	212.96691848157	-51.44005197834	"Sy*"
"PK 317+03  1"	"PN VBRC    6"	220.40024836486	-56.25372750707	"PN"
"PK 320+00  2"	"RCW  88"	226.78125	-57.80611111111111	"HII"
"PK 320+00  1"	"RCW  87"	226.33025176321888	-57.53027915106846	"HII"
"PK 320-01  2"	"WRAY 16-172"	229.58649355064	-59.63814559747999	"WR*"
"PK 320-01  1"	"WRAY 16-172"	229.58649355064	-59.63814559747999	"WR*"
"PK 321-01  1"	"WRAY 17-70"	231.72708333333335	-58.97722222222223	"PN?"
"PK 321-03  1"	"PN HaTr    2"	232.578144	-61.027389	"PN"
"PK 322-05  1"	"NGC  5979"	236.92155526555	-61.21820819841	"PN"
"PK 323-07  1"	"WRAY 17-72"	241.12624999999997	-62.379444444444445	"PN?"
"PK 322-06  1"	"WRAY 16-190"	238.0444604880712	-62.513112693707	"PN"
"PK 325-12  1"	"HD 151895"	253.64637379019	-64.24126789696	"PN"
"PK 353-55  1"	"ESO 289-19"	335.27879411645	-43.8816654572	"G"
"PK 319+06  1"	"WRAY 16-157"	220.12888101728	-52.5824772089	"PN"
"PK 321+02  1"	"WRAY 16-162"	226.32000000000002	-55.18625	"PN"
"PK 321+02  2"	"RCW  90"	226.49668954162996	-55.98793925071	"PN"
"PK 321+01  1"	"WRAY 16-169"	227.98566666666667	-55.66294444444444	"PN"
"PK 322-00  1"	"PN Pe  2-8"	230.92867719335	-57.15700500734	"PN"
"PK 321-00  1"	"WRAY 16-174"	229.87340346955003	-57.37366700462	"Em*"
"PK 321-00  2"	"WRAY 17-69"	230.27833333333336	-57.94944444444444	"PN?"
"PK 323-02  1"	"WRAY 16-184"	234.50514082462	-58.745123763959995	"PN"
"PK 322-02  1"	"PN Mz    1"	233.56933790981	-59.15225150631	"PN"
"PK 325-04  1"	"WRAY 16-195"	239.78687499999998	-58.397999999999996	"PN"
"PK 326-06  1"	"WRAY 15-1440"	243.92621362974	-59.90028146784001	"PN"
"PK 325-07  1"	"WRAY 17-73"	243.9633333333333	-61.04194444444444	"PN?"
"PK 326-10  1"	"V* KX TrA"	251.14778369200002	-62.62057188591	"Sy*"
"PK 328-17  1"	"IC 4662"	266.78830000000005	-64.63868055555557	"bCG"
"PK 317+19  1"	"NGC  5408"	210.8371125	-41.37770833333333	"EmG"
"PK 325+03  1"	"WRAY 16-182"	231.3860627633032	-52.8438729295804	"PN"
"PK 324+02  1"	"WRAY 16-178"	230.90145833333332	-53.85780555555556	"PN"
"PK 323+02  1"	"WRAY 16-175"	230.58075434095997	-54.13685861497	"PN"
"PK 324-01  1"	"WRAY 15-1341"	235.495125	-56.60711111111111	"PN"
"PK 327-01  2"	"WRAY 16-194"	239.53376373925	-55.69731978764	"PN"
"PK 326-01  1"	"WRAY 16-193"	238.68517458533	-55.49278555784	"Sy*"
"PK 326-01  2"	"PN G326.1-01.9"	238.2467041666667	-56.407552777777774	"PN"
"PK 325-01  1"	"NAME PL 1547.3-5612"	237.82841666666667	-56.35605555555556	"PN"
"PK 327-02  1"	"WRAY 16-198"	239.99015341244916	-55.92583408137055	"PN"
"PK 326-03  1"	"WRAY 16-197"	239.94799999999998	-57.50161111111111	"PN?"
"PK 327-04  1"	"WRAY 16-208"	243.50462258401996	-56.99112326483	"Sy*"
"PK 327-06  1"	"WRAY 16-218"	245.87769425485	-58.32300019744001	"PN"
"PK 327-07  1"	"WRAY 16-222"	247.3791666666667	-59.156666666666666	"PN"
"PK 331-13  1"	"PN StWr  2-48"	261.28096970447	-59.53760736257999	"PN?"
"PK 319+15  1"	"IC 4406"	215.60893374036996	-44.15060697583001	"PN"
"PK 322+14  1"	"PN K  1-24"	219.56622414482996	-44.21818503987	"PN?"
"PK 324+09  1"	"ESO 223-10"	225.41957425607998	-48.35076690782	"PN"
"PK 325+04  3"	"WRAY 16-179"	231.17499999999998	-51.61666666666667	"PN?"
"PK 325+04  2"	"WRAY 16-180"	231.20744158392662	-51.831274402785	"Sy*"
"PK 325+04  1"	"WRAY 16-181"	231.28269309842995	-51.32837089625	"PN"
"PK 326+00  1"	"IRAS 15411-5352"	236.2477	-54.0372	"HII"
"PK 328+01  1"	"PN Lo   10"	237.37070833333334	-52.50452777777778	"PN"
"PK 328-00  1"	"GRS G328.59 -00.52"	239.8683333333333	-53.74916666666667	"bub"
"PK 327-01  1"	"WRAY 16-200"	240.24641666666668	-55.09447222222223	"PN"
"PK 330-02  3"	"PN G329.5-02.2"	243.14166666666665	-54.39333333333333	"PN"
"PK 329-02  3"	"PN G329.5-02.2"	243.14166666666665	-54.39333333333333	"PN"
"PK 330-02  1"	"WRAY 16-212"	244.30986330043004	-53.53486444522	"PN"
"PK 330-02  2"	"PN Sa  1-4"	243.83874999999995	-53.859833333333334	"PN?"
"PK 329-02  2"	"PN Mz    2"	243.6349885712039	-54.9512946818853	"PN"
"PK 328-02  1"	"WRAY 16-205"	242.67084801033002	-54.95962714072	"HII"
"PK 329-02  1"	"Hen 2-149"	243.60110833333334	-54.79411666666667	"PN"
"PK 331-03  1"	"WRAY 16-221"	246.96217519226997	-54.02458228283	"PN"
"PK 331-03  2"	"WRAY 16-224"	247.49875000000006	-54.157777777777774	"PN"
"PK 330-03  1"	"WRAY 16-219"	246.08933333333331	-54.60088888888889	"PN"
"PK 331-05  1"	"HD 149427"	249.42791687299	-55.70733143785	"PN"
"PK 333-11  1"	"ESO 180-6"	259.73333333333335	-56.906666666666666	"G"
"PK 341-24  1"	"PN Lo   18"	287.4492333333333	-55.58639166666667	"PN"
"PK 327+10  1"	"NGC  5882"	229.20815106385996	-45.64961563337	"PN"
"PK 329+02  1"	"PN Sp    1"	237.92062929944	-51.52459606278	"PN"
"PK 329+01  1"	"PN VBRC    7"	238.71254166666668	-51.376111111111115	"PN"
"PK 331+00  1"	"PN Pe  1-4"	242.24510248486	-51.03229242241001	"PN"
"PK 331+00  2"	"CD-50 10202"	242.94067482683	-51.29851051618	"AB*"
"PK 331-01  1"	"PN Mz    3"	244.30579807604	-51.9863088593	"PN"
"PK 331-02  1"	"WRAY 16-217"	245.5597218545324	-53.6817008133097	"PN"
"PK 331-02  2"	"WRAY 16-220"	246.1574583333333	-53.376138888888896	"PN"
"PK 332-03  1"	"WRAY 16-223"	247.47206721913997	-53.38734382721	"PN"
"PK 332-04  1"	"WRAY 16-227"	248.83845907991002	-53.836496666399995	"PN"
"PK 333-04  1"	"PN HaTr    3"	249.9066041666666	-52.820347222222225	"PN"
"PK 336-08  1"	"ESO 180-5"	259.29	-53.60583333333334	"?"
"PK 334-09  1"	"IC 4642"	257.93835218711	-55.40046213942999	"PN"
"PK 327+14  1"	"ESO 328-4"	225.35416666666669	-41.915277777777774	"?"
"PK 327+13  1"	"WRAY 16-165"	226.55714077613996	-42.99902768914001	"PN"
"PK 330+05  1"	"PN Lo    9"	235.55558333333332	-47.67953611111111	"PN"
"PK 331+03  1"	"WRAY 16-192"	238.36922083333332	-48.72303333333333	"PN?"
"PK 330+04  1"	"HD 330036"	237.81637086038836	-48.749599753154165	"PN"
"PK 332+03  1"	"WRAY 16-199"	240.09181364506998	-48.25988589341	"PN"
"PK 330+04  2"	"WRAY 16-189"	237.83273894975997	-48.4354119147	"PN"
"PK 332+01  1"	"WRAY 16-202"	241.73738270335997	-49.44488648068	"Sy*"
"PK 333+01  1"	"PN Pe  1-5"	243.83386195833327	-49.2226638888889	"PN"
"PK 333-00  1"	"WRAY 16-216"	245.23124999999993	-50.025	"PN"
"PK 332-00  2"	"WRAY 16-214"	244.86818797866	-50.63075565407999	"LP*"
"PK 335-01  1"	"WRAY 15-1508"	248.55625	-49.35341666666667	"PN"
"PK 336-02  1"	"EM* VRMF  104"	250.52733333333327	-49.75194444444445	"PN?"
"PK 335-03  1"	"PN HaTr    4"	251.25017499999998	-51.20565555555556	"PN"
"PK 337-05  1"	"WRAY 15-1594"	255.40415096817003	-50.38266087446	"Em*"
"PK 336-05  1"	"WRAY 15-1585"	254.90053874081997	-51.70239486578	"PN"
"PK 336-07  1"	"PN K  2-17"	257.39945068458997	-52.21731937384	"PN"
"PK 336-06  1"	"PN PC   14"	256.56145833333335	-52.50013888888889	"PN"
"PK 338-08  1"	"NGC  6326"	260.1927166666667	-51.754213888888884	"PN"
"PK 337-09  1"	"WRAY 16-266"	260.6541629080217	-52.77627458906389	"PN"
"PK 339-09  1"	"ESO 228-5"	263.60613004412	-51.04354572975	"G"
"PK 340-14  1"	"PN Sa  1-6"	270.24781034497	-52.73889902524	"PN"
"PK 342-14  1"	"PN Sp    3"	271.81583647142	-51.01950399816	"PN"
"PK 341-15  1"	"ESO 182-4"	272.37718088123	-52.56565692518	"EmG"
"PK 329+12  1"	"ESO 328-40"	229.41250000000002	-42.6225	"G"
"PK 337+01  1"	"PN Pe  1-7"	247.60777364554997	-46.04746232946	"PN"
"PK 336+01  1"	"PN Pe  1-6"	245.9762875	-46.70424444444445	"PN"
"PK 336-00  1"	"HD 148937"	248.4682788273	-48.11124344965	"SB*"
"PK 336-01  1"	"EM* VRMF   90"	249.5367916666667	-48.71227777777778	"PN?"
"PK 339-03  1"	"PN MaC  1-3"	255.36535870161998	-47.75985050724	"Sy*"
"PK 340-04  1"	"PN Sa  1-5"	257.8641441096587	-47.4172363827424	"PN"
"PK 341-09  1"	"WRAY 16-290"	264.0289234622899	-49.42923399327999	"PN"
"PK 345-13  1"	"PN StWr  2-37"	272.64733333333334	-48.430388888888885	"PN?"
"PK 331+16  1"	"NGC  5873"	228.21191901194996	-38.12544041579	"PN"
"PK 335+09  1"	"PN K  1-31"	238.30213750000001	-41.84059722222223	"PN"
"PK 336+08  1"	"PN StWr  4-10"	240.55438787031	-41.56001865709	"PN"
"PK 338+05  2"	"V* QS Nor"	245.28233486603	-42.39835488007001	"Sy*"
"PK 338+05  1"	"IC 4599"	244.84670336596002	-42.26019692047	"PN"
"PK 338+01  1"	"WRAY 15-1520"	249.61928736369	-45.39484810979	"Be*"
"PK 339+00  2"	"WRAY 16-232"	250.81820899289994	-46.011779697959994	"Be*"
"PK 339+00  1"	"WRAY 16-230"	250.38003744431998	-45.21794477755	"Sy*"
"PK 339-00  1"	"AJG  54"	251.325	-46.153055555555554	"HII"
"PK 341-00  1"	"WRAY 15-1552"	253.35276112803996	-44.88133006193	"Be*"
"PK 342-02  1"	"PN Pe  1-8"	256.5937083333333	-44.219277777777776	"PN"
"PK 342-02  2"	"WRAY 16-251"	256.87751437884	-44.38065086337999	"PN?"
"PK 342-04  1"	"WRAY 16-261"	259.8854166666667	-45.8875	"PN"
"PK 344-06  1"	"WRAY 16-278"	262.51616993231	-45.38075551993	"PN"
"PK 342-06  1"	"PN Cn  1-4"	261.9532708333333	-46.92813888888889	"PN"
"PK 343-07  1"	"PN PC   17"	263.92389222379995	-46.997020356300006	"PN"
"PK 344-08  1"	"V* AE Ara"	265.27049282561995	-47.057552578999996	"Sy*"
"PK 345-08  1"	"PN Tc    1"	266.39703300509996	-46.089921422980005	"PN"
"PK 345-11  1"	"ESO 279-14"	269.90074734642997	-46.64772108676	"Sy2"
"PK 348-13  1"	"IC 4699"	274.63352090400997	-45.98381533833	"PN"
"PK 348-16  1"	"ESO 281-7"	278.38696510621	-46.24520705351	"EmG"
"PK 006-41"	"PN G006.0-41.9"	316.47322042706	-37.14454993608	"PN"
"PK 006-41  1"	"PN G006.0-41.9"	316.47322042706	-37.14454993608	"PN"
"PK 006+06  1"	"PK 006+06  1"			"PN"
"PK 049+35  1"	"PK 049+35  1"			"PN"
"PK 321-06  1"	"PK 321-06  1"			"PN"
"PK 345-10"	"PK 345-10"			"PN"
"PK 351+11  2"	"PK 351+11  2"			"PN"
"PK 002+64"	"PK 002+64"			"PN"
"PK 002+02 A"	"PK 002+02 A"			"PN"
"PK 002+02 B"	"PK 002+02 B"			"PN"
"PK 002+01 B"	"PK 002+01 B"			"PN"
"PK 326-01  9"	"PK 326-01  9"			"PN"
"PK 358-03 10"	"PN ShWi    7"	271.2730618019729	-29.337618848506104	"PN"
"PK 001-00  3"	"PN Bl  3-19"	267.9812541666667	-27.8	"Be*"
"PK 285+11  1"	"2MASX J11090905-4802559"	167.28778126459	-48.04895185825	"G"
"PK 357-07  1"	"PN G357.4-07.2"	272.31828333333334	-34.79424722222222	"PN"
"PK 221+05  2"	"PN Y-C   37"	111.61543175694	-5.367120345140001	"PN?"
"PK 251+00  1"	"WRAY 17-15"	123.33872916666667	-33.01793055555555	"PN"
"PK 277-01  1"	"IRAS 09362-5413"	144.4658902767029	-54.45241097532778	"PN"
"PK 257-00  1"	"WRAY 17-19"	126.77394166666664	-39.03747222222222	"PN?"
"PK 270-02  1"	"WRAY 17-23"	134.76217785369	-50.39450518959	"PN"
"PK 358+04  3"	"PN SaWe    2"	261.75082083333336	-27.676419444444445	"PN"
"PK 358+00  1"	"PN G358.6+00.7"	264.84458333333333	-29.69613888888889	"PN"
"PK 332-16  2"	"PN HaTr    7"	268.53936985242	-60.83268324732	"PN"
"PK 251-03  1"	"WRAY 17-10"	119.277275	-36.11387777777778	"PN"
"PK 308+00  1"	"WRAY 17-62"	204.67718749999997	-61.92931388888889	"PN"
"PK 313+01  1"	"WRAY 17-66"	213.97195833333333	-60.02719444444445	"PN"
"PK 358-02  6"	"PN G358.6-02.4"	268.00142500000004	-31.2972	"PN"
"PK 003+02  2"	"PN PBOZ   11"	266.135775	-24.22447777777778	"PN"
"PK 357+05  1"	"PK 357+05  1"	259.70666666666665	-27.86722222222222	"PN?"
"PK 199+14  1"	"EM* StHA   62"	110.00644301999002	18.29052944578	"PN"
"PK 307-03  2"	"PN G307.5-03.6"	204.38516254803997	-66.1426516601	"PN"
"PK 316+00  1"	"IRAS 14345-5858"	219.58332151048	-59.19616867905	"PN"
"PK 052+50  1"	"BD+33  2642"	237.99952264502	32.948424857019994	"pA*"
"PK 350+07  1"	"IRAS 16478-3217"	252.7763559504275	-32.3834790542564	"PN"
"PK 342-06  2"	"PN G342.3-06.0"	260.71954166666666	-47.04685555555555	"PN"
"PK 356-01  1"	"PN RPZM   36"	266.29083333333335	-32.77138888888888	"PN"
"PK 000-01 14"	"PN G000.6-01.0"	267.79793333333333	-28.9406	"PN"
"PK 359-01  4"	"PN RPZM   43"	267.9534541666667	-30.04231944444445	"PN"
"PK 351-06  4"	"PN G351.7-06.6"	268.2619583333333	-39.40247222222222	"PN"
"PK 000-01 10"	"PN G000.1-01.9"	268.3517456613599	-29.82992322078	"PN"
"PK 002-02  5"	"PN KFL    2"	270.24969230622	-28.272146094100002	"PN"
"PK 352-08  1"	"PN SB   38"	270.87095531701	-39.35746562551	"PN"
"PK 359-06  2"	"PN G359.3-06.0"	272.13062916666667	-32.49715277777778	"PN"
"PK 003-07  1"	"PN KFL   19"	275.78704166666665	-29.72365833333333	"PN"
"PK 020+00  1"	"IRAS 18231-1047"	276.49204000000003	-10.75798	"PN"
"PK 029-07  1"	"PN LSA    1"	288.48204999999996	-6.3145	"PN"
"PK 358-01  3"	"JaSt 64"	267.23343909799996	-31.111849026540007	"PN"
"PK 358+09  2"	"LEDA   89007"	256.93966279703	-25.060798573640003	"PN?"
"PK 002+01  2"	"PN K  5-16"	266.3682777916666	-25.636909361111112	"PN"
"PK 006+03  3"	"IRAS 17448-2131"	266.95191258347995	-21.536434532319998	"PN"
"PK 351-06  3"	"PN SB   34"	268.03924533538	-39.5374627344	"PN"
"PK 354-07  2"	"PN SB   40"	270.7320416666667	-37.13697222222223	"PN"
"PK 003-04 11"	"PN KFL   12"	272.6283625	-28.323030555555555	"PN"
"PK 006-05  1"	"PN G006.5-05.8"	275.7526875	-26.088055555555556	"PN"
"PK 033-02  2"	"CBSS 1"	285.06722083333335	-0.2423861111111111	"PN"
"PK 041+01  1"	"IRAS 18586+0821"	285.27384490977	8.42664747105	"PN"
"PK 044-00  1"	"AGP 2"	288.405	10.658611111111112	"PN"
"PK 046-01  1"	"IRAS 19204+1122"	290.70975	11.465239	"PN"
"PK 070+03  1"	"PN G070.8+03.7"	298.57239583333336	35.11734166666667	"PN"
"PK 059-01  2"	"PN We  1-8"	297.2212083333334	22.420638888888888	"PN"
"PK 332-16  1"	"PN HaTr    6"	267.97008945051374	-60.38934749355389	"PN"
"PK 359-04  5"	"PN KFL    3"	270.72054583333335	-31.399580555555556	"PN"
"PK 359-07  2"	"PN G359.9-07.4"	273.8853333333334	-32.63341666666667	"PN"
"PK 029-00  1"	"PN G029.2+00.0"	281.2224166666667	-3.3424722222222223	"PN"
"PK 149-03  1"	"PN IsWe    1"	57.27460565837	50.004138477219996	"PN"
"PK 233-10  1"	"PN G233.0-10.1"	102.66962500000001	-22.436444444444444	"PN"
"PK 255-03  1"	"PN G255.3-03.6"	121.61816666666665	-38.89	"PN"
"PK 260+00  1"	"PK 260+00  1"	130.56670833333334	-40.73522222222222	"RNe"
"PK 321+02  3"	"CVMP 1"	227.35483333333335	-55.55158333333333	"PN"
"PK 358+06  1"	"PK 357+04"	259.6023333333334	-26.371944444444445	"PN?"
"PK 347-02  1"	"PN RPZM   15"	261.16336474172005	-40.871001955649284	"PN?"
"PK 355+02  4"	"PN G355.4+02.3"	261.2644583333333	-31.477361111111108	"PN"
"PK 000+04  4"	"PN G000.3+04.2"	262.5509583333333	-26.350638888888888	"PN"
"PK 002+05  2"	"PN K  5-3"	262.6716583333333	-23.75011111111111	"PN"
"PK 347-06  1"	"IRAS 17364-4222"	265.0140702811074	-42.40163637752973	"PN"
"PK 014+03  1"	"IRAS 17597-1442"	270.6594491250871	-14.701099553516663	"PN"
"PK 356-07  4"	"PN SB   45"	271.71872916666666	-36.111894444444445	"PN"
"PK 001-05  2"	"PN SB    6"	273.3160083333333	-30.43291388888889	"PN"
"PK 014-11  1"	"PN SaWe    4"	285.57341666666673	-21.44758333333333	"PN"
"PK 049+02  2"	"VSP 2-30"	288.32340481194	15.655819287250003	"PN"
"PK 104-01  2"	"PN G104.1-01.4"	337.5284	56.198283333333336	"PN"
"PK 105+00  1"	"GLMP 1062"	338.7528659434649	58.41149744757288	"HII"
"PK 120+18  1"	"LBN 120.29+18.39"	356.25944999999996	80.94989444444444	"PN"
"PK 001-00  4"	"PN G001.5-00.7"	268.0363208333334	-28.037933333333335	"PN"
"PK 356-06  3"	"PN SB   48"	271.30998333333326	-35.468761111111114	"PN"
"PK 004-05  6"	"PN SB    8"	273.95958333333334	-27.816666666666666	"PN"
"PK 326+07  1"	"NeVe 3-2"	229.93287657923003	-48.99857809083999	"PN"
"PK 327-05  1"	"PN KoRe    1"	244.79376249999999	-57.982077777777775	"PN"
"PK 340+03  1"	"PN MeWe  2-5"	248.7070833333333	-42.06194444444444	"PN"
"PK 335-03  2"	"PN MeWe  1-7"	251.98779166666668	-50.71342222222223	"PN"
"PK 358+08  1"	"Terz N   29"	257.0822083333333	-25.228222222222218	"PN?"
"PK 336-11  1"	"PN MeWe  1-10"	263.61750996139995	-54.48265060148	"PN"
"PK 003+04  1"	"PN K  5-6"	263.8803333333333	-23.196888888888893	"PN"
"PK 355-01  2"	"PN G355.4-01.4"	265.0014458333333	-33.59230277777778	"PN"
"PK 353-03  2"	"PN K  6-11"	266.1476416666667	-36.23379722222222	"PN"
"PK 358-01  5"	"PN G358.9-01.5"	267.33342076881297	-30.601654923734724	"PN"
"PK 001-01  6"	"PN G001.3-01.0"	268.277375	-28.302555555555557	"PN"
"PK 352-06  1"	"PN G352.0-06.7"	268.58678189254	-39.17718958777	"PN"
"PK 006-03  4"	"PN KFL   15"	273.58051666666665	-25.347561111111112	"PN"
"PK 001-03  9"	"PN ShWi    7"	271.2730618019729	-29.337618848506104	"PN"
"PK 228-11  1"	"PN G228.5-11.4"	99.41304166666667	-18.956594444444445	"PN"
"PK 272-05  1"	"PN MeWe  1-1"	133.40124999999998	-54.08527777777778	"PN"
"PK 312-00  1"	"SV* HV  6516"	213.99866350083997	-61.89729641120999	"AB*"
"PK 336+04  1"	"PN G336.1+04.1"	243.76167916666662	-45.19836111111111	"PN"
"PK 357+07  2"	"PN G357.2+07.2"	257.81166666666667	-27.191944444444445	"PN"
"PK 354+04  3"	"PN G354.4+04.0"	258.975	-31.366666666666667	"PN"
"PK 355+03  4"	"PN Th  3-5"	259.7638916666666	-30.898322222222223	"PN"
"PK 359+05  3"	"Terz N   19"	261.3484380483354	-26.19803351882611	"PN"
"PK 004+06  3"	"NAME G 4.4+6.4"	262.96951046944	-21.825199614650003	"PN"
"PK 000-00  4"	"PN G000.7-00.8"	267.6952375	-28.74417777777778	"PN"
"PK 000-00  5"	"PN G000.9-00.9"	267.85211666666675	-28.595241666666666	"PN"
"PK 050+19  1"	"HD 341617"	272.0836906358	24.17870040201	"pA*"
"PK 356-08  1"	"PN G356.1-08.6"	273.1661375	-36.53032222222222	"PN"
"PK 005-03  3"	"PN KFL   13"	273.18783033324996	-25.74009623124	"PN"
"PK 354-10  1"	"PN G354.7-10.0"	273.9125291666667	-38.465566666666675	"PN"
"PK 005-04  2"	"PN KFL   16"	274.2248640772	-26.390028379119997	"PN"
"PK 021+00  1"	"VSP 2-19"	276.94020416666655	-9.636938888888887	"PN"
"PK 011-07  2"	"PN G011.4-07.3"	279.67935414008	-22.404020347109995	"PN"
"PK 032-00  1"	"PN G032.9-00.7"	283.5274958333333	-0.33343055555555556	"PN"
"PK 001-01  5"	"PN G001.2-01.2 a"	268.39758333333333	-28.480905555555555	"PN"
"PK 001-03  5"	"PN ShWi    3"	270.82273742302	-29.84522173541	"PN?"
"PK 160-02  1"	"PN G160.7-02.9"	69.33889166666667	42.78580833333333	"PN"
"PK 240-19  1"	"PN G240.8-19.6"	96.15275	-33.08233333333334	"PN?"
"PK 144+65  1"	"V* BE UMa"	179.43678327373	48.93842048827	"CV*"
"PK 310+01  2"	"WeKG 3"	208.60441250000002	-60.45567222222222	"PN"
"PK 003+66  1"	"NAME PN SkAc 1"	214.09145500511997	13.873402453829998	"PN"
"PK 357+04  2"	"PN PBOZ    1"	260.4083208333333	-28.92081111111111	"PN"
"PK 357+01  4"	"PN K  6-2"	263.4619625	-30.710208333333334	"PN"
"PK 358+01  6"	"PN G358.4+01.6"	263.84477083333326	-29.3715	"PN"
"PK 358+01  7"	"PN G358.6+01.7"	263.9061249999999	-29.221583333333335	"PN"
"PK 003+04  2"	"PN G003.1+04.1"	264.3340291666667	-24.057733333333335	"PN"
"PK 359+01  4"	"WR  99"	264.82612891646994	-28.25234379719	"WR*"
"PK 358-01  4"	"PN G358.6-01.1"	266.7175	-30.628555555555558	"PN"
"PK 005+02  2"	"PN G005.1+02.0"	267.463675	-23.46229722222222	"PN"
"PK 009-06  2"	"PN SB   15"	277.81104166666665	-23.968083333333333	"PN"
"PK 032-01  1"	"CBSS 2"	284.0654166666667	-1.5668333333333333	"PN"
"PK 083+05  1"	"PN G083.7+05.7"	305.5681875	47.06554166666666	"PN"
"PK 100+04  1"	"IRAS 21394+5844"	325.24717400000003	58.97743800000001	"PN"
"PK 285-02  2"	"THA 35-II-27"	154.88542083333334	-60.22485555555556	"PN"
"PK 308+07  1"	"PN MeWe  1-3"	202.02054024491	-54.699669497180004	"PN"
"PK 344-01  2"	"IRAS 17088-4227"	258.09186201201993	-42.51152407395	"PN"
"PK 359+01  6"	"PN G359.0+01.1"	264.69129166666664	-29.150444444444442	"PN"
"PK 000+01  1"	"PN G000.5+01.9"	264.88007916666663	-27.462991666666667	"PN"
"PK 009+05  1"	"Hen 3-1475"	266.30909139291	-17.94632726839	"PN"
"PK 001+00  4"	"PN G001.6+00.1"	267.19239166666665	-27.427425	"PN"
"PK 000-06  2"	"PN SB    3"	273.06033333333335	-31.33277777777778	"PN"
"PK 034-11  1"	"SS 441"	294.07299445646	-3.89030516309	"PN"
"PK 076-05  1"	"LS  II +34   26"	312.06930056402	34.45676236933	"PN"
"PK 110+01  1"	"IRAS 22568+6141"	344.71511799999996	61.96209000000001	"PN"
"PK 208-07  1"	"PN G208.9-07.8"	94.06409893778002	-0.00695221759	"PN"
"PK 222-04  1"	"IRAS 06518-1041"	103.55598222596001	-10.760632554260003	"PN"
"PK 314+02  1"	"IRAS 14177-5824"	215.33311899999998	-58.63959500000001	"PN"
"PK 341+09  1"	"PN SB   25"	243.40973749999998	-37.999575	"PN"
"PK 340-03  1"	"SS 293"	255.79196063020999	-47.007703301810004	"pA*"
"PK 353-02  2"	"PN K  5-8"	264.82145854260995	-35.7831413231	"Sy*"
"PK 000+01  4"	"PN G000.8+01.3"	265.6361416666667	-27.55245	"PN"
"PK 002+01  4"	"PN JaFu    1"	265.9890833333333	-26.198327777777777	"PN"
"PK 352-04  2"	"PN SB   37"	266.9694958333333	-37.80086111111111	"PN"
"PK 003+01  1"	"PN G003.9+01.6"	267.1186041666667	-24.69029722222222	"PN"
"PK 355-07  1"	"PN SB   42"	271.4689833333333	-36.76038888888889	"PN"
"PK 356-07  3"	"PN G356.0-07.4 A"	271.7831375	-36.04601111111111	"PN"
"PK 002-05  2"	"PN KFL   14"	273.2546083333333	-29.420997222222223	"PN"
"PK 022-04  1"	"EM* AS  321"	281.76660733148	-11.6866534632	"PN"
"PK 016-07  2"	"PN SB   22"	282.12579166666666	-17.731666666666666	"PN"
"PK 346+14  1"	"PN G346.6+14.6"	243.73333333333332	-30.52861111111111	"PN"
"PK 342-00  1"	"IRAS 16529-4341"	254.14155399999999	-43.770762999999995	"PN"
"PK 001+03  1"	"PN G001.5+03.6"	263.84197499999993	-25.71291111111111	"PN"
"PK 358+01  8"	"PN G358.8+01.7"	263.96937499999996	-28.973805555555554	"PN"
"PK 017+11  1"	"SS 318"	265.5599583333333	-8.722083333333334	"PN"
"PK 000-01  8"	"PN G000.0-01.0"	267.54168333432	-29.317356175039993	"PN"
"PK 000-01 12"	"PN G000.3-01.6"	268.2175	-29.500027777777778	"PN"
"PK 005-01  1"	"PN PBOZ   34"	271.35628749999995	-25.22700833333333	"PN"
"PK 358-07  2"	"PN SB   52"	272.91625000000005	-34.00610833333334	"PN"
"PK 005-06  2"	"PN G005.4-06.1"	275.4795833333334	-27.162777777777777	"PN"
"PK 060+01  2"	"IRAS 19367+2458"	294.71710929647037	25.092351428877222	"PN"
"PK 065+03  1"	"PN G065.4+03.1"	295.94972083333334	30.235525	"PN"
"PK 243-37  1"	"PN PRTM    1"	75.75721626934	-39.762368339169996	"PN"
"PK 290+27  1"	"ESO 379-13"	179.17875	-34.42861111111111	"G"
"PK 308-03  1"	"IRAS 13427-6531"	206.60704882519371	-65.7733951719986	"PN?"
"PK 321+08  1"	"PN MeWe  1-5"	221.64626607985	-50.39020441632999	"PN"
"PK 323-04  1"	"NAME WKK136-337"	237.62045833333335	-59.980555555555554	"PN"
"PK 334-01  1"	"PN G334.3-01.4"	247.77772499999995	-50.443911111111106	"PN"
"PK 000+02  3"	"PN K  6-4"	264.42887083333335	-27.819319444444446	"PN"
"PK 001+01  2"	"PN K  6-10"	265.82062499999995	-26.73820555555556	"PN"
"PK 343-09  1"	"PN G343.7-09.6"	266.38958660265	-47.730984438680004	"PN"
"PK 001+01  5"	"PN G001.6+00.9"	266.40566666666666	-27.021777777777775	"PN"
"PK 353-04  2"	"PN G353.4-04.5"	267.00473303040997	-36.8359074062	"PN"
"PK 353-05  2"	"PN JaFu    2"	267.54625	-37.0575	"PN"
"PK 000-00  3"	"PN G000.0-01.2"	267.5965583333333	-28.552022222222224	"PN"
"PK 010+04  2"	"V* V4334 Sgr"	268.136223	-17.68556	"CV*"
"PK 003-02  4"	"PN KFL    4"	270.71529166666676	-27.683222222222224	"PN"
"PK 001-05  1"	"PN SB    5"	272.8141583333333	-30.630472222222224	"PN"
"PK 357-09  1"	"PN G357.2-09.8"	275.03815416666663	-36.122525	"PN"
"PK 007-05  1"	"PN G007.7-05.3"	275.9297916666667	-24.791333333333338	"PN"
"PK 004-09  1"	"PN G004.6-09.9"	278.9259291666666	-29.64014722222222	"PN"
"PK 017-09  1"	"PN G017.5-09.2"	284.31889880635	-17.84692065362	"PN"
"PK 013-15  1"	"PN We  4-5"	288.54777083333335	-23.691069444444445	"PN"
"PK 071+04  1"	"PN G071.5+04.9"	297.695	36.33361111111111	"PN"
"PK 093-00  2"	"[D75b] Em* 21-021"	322.49362991115	51.06675664570001	"PN"
"PK 275-01  2"	"NeVe 3-1"	143.5057	-53.19946944444444	"PN"
"PK 280+01  1"	"KLSS 1-12"	152.63958333333335	-53.93555555555555	"PN"
"PK 314+10  1"	"PN MeWe  2-4"	210.31356986227996	-50.67012188519	"PN"
"PK 331-12  1"	"CD-59  6479"	259.08774625050995	-59.48982878009	"PN"
"PK 002+06  1"	"IRAS 17248-2254"	261.97370228296	-22.95517533564	"PN"
"PK 001+02  2"	"PN G001.9+02.3"	265.3521666666667	-26.064833333333333	"PN"
"PK 357-06  2"	"PN G357.3-06.5"	271.53458750000004	-34.55853333333333	"PN"
"PK 355-08  1"	"PN G355.8-08.7"	273.0986833333333	-36.88158888888889	"PN"
"PK 014-06  1"	"PN SB   19"	279.9175	-19.235555555555557	"PN"
"PK 035+03  1"	"IRAS 18411+0343"	280.90251347700996	3.77784451861	"PN"
"PK 044+00  1"	"AGP 1"	288.06708333333336	10.609166666666667	"PN"
"PK 260+00  2"	"IRAS 08355-4027"	129.35246304166668	-40.63530305555556	"PN"
"PK 085+52  1"	"PG 1520+525"	230.44401463768	52.36774092815	"PN"
"PK 331+01  1"	"PN G331.0+01.2"	241.07445683407002	-50.83403898356	"PN"
"PK 348+06  1"	"WRAY 15-1537"	252.20229166666667	-35.016	"PN"
"PK 337-04  1"	"PN MeWe  1-9"	254.37044583333332	-49.781888888888886	"PN"
"PK 358+07  2"	"Terz N    8"	258.14016666666663	-26.423394444444448	"PN"
"PK 003+06  1"	"IRAS 17269-2235"	262.4998739221804	-22.628756865075	"pA?"
"PK 359+01  5"	"PN G359.2+01.3"	264.61558333333335	-28.86702777777778	"PN"
"PK 000+01  5"	"PN G000.9+01.1"	265.84710416666667	-27.567658333333334	"PN"
"PK 001+01  6"	"PN G001.7+01.3"	266.155125	-26.790416666666665	"PN"
"PK 351-06  2"	"PN G351.2-06.3"	267.6154166666667	-39.671499999999995	"PN"
"PK 004-05  7"	"PN G004.7-05.5"	274.5370833333334	-27.5323	"PN"
"PK 005-05  3"	"IRAS 18176-2717"	275.18554798217997	-27.263413194721938	"PN"
"PK 047+01  1"	"IRAS 19092+1326"	287.89931220971	13.51982315707	"PN"
"PK 069+01  2"	"PN G069.2+01.2"	300.17533333333324	32.4615	"PN"
"PK 257-02  1"	"[M81] I-224"	124.04172200000001	-39.864185	"PN"
"PK 277+03  1"	"PN MeWe  2-2"	149.54416666666668	-50.659444444444446	"PN"
"PK 283-01  2"	"PN MeWe  1-2"	153.60458333333332	-58.196666666666665	"PN"
"PK 298+06  1"	"NAME WKK171-090"	184.63636666666667	-55.90121666666666	"PN"
"PK 310+01  1"	"PN G310.4+01.3"	208.345875	-60.563138888888886	"PN"
"PK 313+02  1"	"IRAS 14132-5839"	214.2159599286314	-58.8861103972678	"PN"
"PK 335-04  1"	"PN MeWe  1-8"	252.16747500000002	-51.155627777777774	"PN"
"PK 354+06  1"	"PK 354+06  1"	256.75416666666666	-29.62666666666667	"PN?"
"PK 354+05  1"	"IRAS 17084-3025"	257.92057539845	-30.480412682529998	"PN"
"PK 341-06  1"	"PN G341.7-06.0"	260.26213333333334	-47.59091666666667	"PN"
"PK 358+01  5"	"PN G358.4+01.7"	263.754	-29.37102777777778	"PN"
"PK 354-01  1"	"PN G354.6-01.7"	264.72631666666666	-34.46091666666667	"PN"
"PK 001+00  2"	"PN G001.1+00.8"	266.2961875	-27.54388888888889	"PN"
"PK 355-03  4"	"PN G355.0-03.7"	267.1233333333333	-35.091705555555556	"PN"
"PK 001-00  5"	"PN Bl  3-19"	267.9812541666667	-27.8	"Be*"
"PK 359-05  1"	"PN KFL    9"	271.8307541666667	-31.715819444444442	"PN"
"PK 359-08  1"	"PN SB   55"	274.8597125	-33.61801666666666	"PN"
"PK 058+09  1"	"NAME Si 1-2"	286.53094492051	27.215970927510003	"PN"
"PK 051+00  1"	"IRAS 19234+1627"	291.41868910749	16.55161407916	"PN"
"PK 029-21  1"	"BD-13  5550"	300.45762148388	-12.68826884866	"pA*"
"PK 073-02  2"	"PK 073-02  2"	306.1141666666666	34.01305555555555	"PN?"
"PK 279-00  1"	"WRAY 18-173"	148.36278157284	-54.87775405759	"PN"
"PK 299+00  1"	"V* BI Cru"	185.85830528538997	-62.63777452465	"Sy*"
"PK 301-01  1"	"[GM76]  96"	188.65005086319997	-64.30470490903	"PN"
"PK 315+08  1"	"PN MeWe  1-4"	214.37166666666667	-52.44083333333333	"PN"
"PK 326+02  1"	"IRAS 15359-5226"	234.92934459629203	-52.60936846092028	"PN"
"PK 341+08  1"	"PN SB   27"	244.80848625855998	-37.7910864813	"Y*O"
"PK 343-05  1"	"PN G343.9-05.8"	261.7594438530148	-45.5441199897024	"PN"
"PK 002+01  3"	"PN G002.6+01.7"	266.2858333333333	-25.733611111111113	"CV*"
"PK 001+00  3"	"PN G001.2+00.7"	266.44534306413	-27.511650225850005	"PN"
"PK 000-01 11"	"IRAS 17486-2930"	267.97315376312	-29.514869303710004	"Mi*"
"PK 012+04  1"	"IRAS 17514-1555"	268.5880459999999	-15.931111999999999	"PN"
"PK 356-07  5"	"PN G356.3-07.3"	271.8394666666667	-35.762233333333334	"PN"
"PK 003-06  2"	"PN G003.3-06.1"	274.4431791666667	-29.10208888888889	"PN"
"PK 000-08  1"	"PN G000.1-08.0"	274.703325	-32.79945277777777	"PN"
"PK 019-04  2"	"IRAS 18395-1418"	280.60331749782665	-14.253080823102222	"PN"
"PK 016-07  1"	"PN SB   21"	282.04568333333333	-18.49388888888889	"PN"
"PK 059-00  2"	"IRAS 19434+2251"	296.39281900000003	22.975557	"PN"
"PK 072-07  1"	"IRAS 20406+2953"	310.69147601812	30.068466901650005	"OH*"
"PK 282-00  1"	"IRAS 10115-5640"	153.33197779058418	-56.925632342085	"PN"
"PK 355+04  2"	"Terz N  140"	258.76292916666665	-30.343786111111108	"PN"
"PK 357+03  6"	"PK 357+03  6"	261.1708333333333	-28.741666666666667	"PN?"
"PK 000+01  2"	"PN G000.2+01.7"	264.91355416666664	-27.78987777777778	"PN"
"PK 353-02  1"	"PN G353.6-02.6"	265.19003333333336	-35.732616666666665	"PN?"
"PK 001+01  3"	"PN G001.0+01.3"	265.70816666666667	-27.355472222222225	"PN"
"PK 356-03  5"	"PN G356.8-03.0"	267.54472499999997	-33.238324999999996	"PN"
"PK 000-01  9"	"PN G000.1-01.2"	267.7000416666666	-29.412166666666668	"PN"
"PK 345-10  1"	"PN MeWe  1-11"	268.1961	-46.70045555555556	"PN"
"PK 000-01 13"	"JaSt 96"	268.48782916666664	-29.337691666666665	"PN"
"PK 358-05  5"	"PN G358.7-05.1"	270.8688833333333	-32.62401666666667	"PN"
"PK 004-03  2"	"PN KFL   10"	272.0054666666667	-26.900422222222222	"PN"
"PK 004-03  3"	"PN KFL   11"	272.5510166666667	-27.27638888888889	"PN"
"PK 001-06  3"	"PN SB    4"	273.55909583333334	-31.18586388888889	"PN"
"PK 009-07  1"	"PN GJJC    1"	279.0950833333333	-23.92173888888889	"PN"
"PK 017-07  1"	"PN SB   23"	282.55495833333333	-17.03933333333333	"PN"
"PK 039-02  2"	"IRAS 19084+0422"	287.72234490479	4.45785549245	"PN"
"PK 053+01  1"	"PN G053.0+01.7"	290.7288916666667	18.70223888888889	"PN"
"PK 053-02  1"	"PN G053.1-02.1"	294.36625000000004	16.891944444444444	"PN"
"PK 253+00  1"	"PN MeWe  2-1"	125.21833333333336	-35.27611111111111	"PN"
"PK 309-02  1"	"PN MaC  1-2"	208.61277916666668	-64.99337222222223	"PN"
"PK 324+03  1"	"IRAS 15154-5258"	229.78650414734582	-53.16381470275861	"PN"
"PK 359+07  1"	"2MASX J17164680-2459103"	259.1950083333333	-24.986219444444448	"GiG"
"PK 000+06  1"	"Terz N   67"	260.72208333333333	-25.416944444444447	"PN"
"PK 357+04  3"	"PK 357+04  3"	261.0625	-28.778333333333332	"PN?"
"PK 353-01  1"	"PN G353.8-01.2"	263.864	-34.79486111111111	"PN"
"PK 000+01  3"	"PN G000.4+01.1"	265.60461666666663	-27.92665277777778	"PN"
"PK 356-02  3"	"PN K  6-12"	266.8241666666667	-33.26083333333333	"PN"
"PK 001-00  6"	"JaSt 81"	268.01785029702	-27.61056545355	"PN"
"PK 349-09  1"	"PN G349.7-09.1"	269.8620833333334	-42.41444444444444	"PN"
"PK 353-08  1"	"PN SB   39"	271.132	-38.79422222222222	"PN"
"PK 003-03  2"	"PN KFL    7"	271.7081541666667	-27.104469444444447	"PN"
"PK 009-05  2"	"PN G009.4-05.6"	277.08858749999996	-23.423761111111112	"PN"
"PK 014-08  1"	"PN SB   20"	282.35125	-19.871111111111112	"PN"
"PK 036-01  3"	"IRAS 19021+0209"	286.16101040985	2.2400547689699994	"PN"
"PK 066+02  2"	"PN G065.9+02.4"	297.495	30.24830000000001	"PN"
"PK 070+02  1"	"PN G070.9+02.4"	299.9816666666667	34.48444444444444	"PN"
"PK 080-10  1"	"MWP 1"	319.28450740933	34.20761555427	"PN"
"PK 006+00  1"	"PK 006+00  1"	270.0	-23.216666666666665	"?"
"PK 349-03  2"	"PN H  2-14"	263.08372083333336	-39.85711111111111	"PN"
"PK 311-06  1"	"WRAY 16-150"	214.78110899999996	-67.536789	"PN"
"PK 060+00  1"	"[AHB74] Red 22"	295.53283505756	24.500544095900004	"LP*"
"PK 310+02  1"	"IRAS 13499-5841"	208.35000820596	-58.93637327983001	"LP*"
"PK 301+01  1"	"GUM 43"	188.72666666666666	-61.656944444444434	"HII"
"PK 011-06  1"	"PN M  1-55"	279.1410748660225	-21.81741618961611	"PN"
"PK 002+02  1"	"PN G002.3+02.2"	265.62541666666664	-25.757972222222225	"PN"
"PK 061+02  1"	"Hen 2-442"	294.93063868904994	26.49250923072	"PN"
"PK 050-36  1"	"IRAS F21274-0301"	322.5158	-2.8081000000000005	"EmG"
"PK 149-01  1"	"BFS 32"	57.895833333333336	51.5	"RNe"
"PK 311+02  2"	"PN SuWt    2"	208.93012911512997	-59.37772570667	"PN"
"PK 107+21  1"	"PN K  1-6"	301.05949580064	74.42677261076	"PN"
"PK 081+03  1"	"PN K  3-59"	306.29410822691	43.87584534574	"Sy*"
"PK 056-00  1"	"PN K  3-42"	294.8991041666667	20.317186111111113	"PN"
"PK 355-04  3"	"V* V720 Sco"	267.9925	-35.39083333333333	"No*"
"PK 338+14  1"	"V* HM Lup"	236.9609534883	-35.47650113223	"Or*"
"PK 339+09  1"	"WRAY 16-203"	242.12386460973994	-39.053062322360006	"Or*"
"PK 292-03  1"	"IRAS 11086-6327"	167.66933396324	-63.73140629928999	"LP*"
"PK 086+00  1"	"EM* UHA   78"	313.93463308854	46.55366023452	"Em*"
"PK 285-09  1"	"CD-65   807"	146.58006509148	-65.71890902677	"*"
"PK 035-00  1"	"[DLW84] G35.2S"	284.5436862407	1.6158963101200003	"HII"
"PK 097+03  1"	"SH  2-128"	323.0412	55.8814	"HII"
"PK 013+51"	"PN Sa  3-96"	268.937721	-15.061894999999998	"PN"
"PK 001+01  4"	"JaSt 46"	265.87654699999996	-26.792406000000003	"PN"
"PK 008-06  1"	"Haro 3-47"	277.21102669674997	-24.53383022169	"Em*"
"PK 166+10  1"	"IC 2149"	89.09958821746	46.10477911856	"PN"
"PK 096+29  1"	"NGC  6543"	269.63918316137	66.632986315	"PN"
"PK 206-40  1"	"NGC  1535"	63.56570413057	-12.73942569009	"PN"
"PK 261+32  1"	"NGC  3242"	156.19222313408	-18.64230468272	"PN"
"PK 002-13  1"	"IC 4776"	281.46127083333334	-33.34281111111112	"PN"
"PK 335+12  1"	"PN DS    2"	235.77100784058	-39.30405663683	"PN"
"PK 359-33  1"	"Hen 3-1863"	304.86958134916	-41.52430306089	"PN"
"PK 316+08  1"	"CPD-51  6744"	214.53702243268998	-52.17764352572	"PN"
"PK 321+03  1"	"WRAY 15-1269"	224.97284140464	-54.30208920522	"PN"
"PK 337-18  1"	"WRAY 16-400"	274.53761723083	-57.18707152556	"PN"
"PK 334-07  1"	"CD-53  7049"	255.76199358520995	-53.93165722903	"PN"
"PK 315-13  1"	"HD 138403"	234.29669714157	-71.9146908623	"PN"
"PK 321-16  1"	"WRAY 16-244"	255.32179863125	-70.10089910012	"PN"
"PK 195-00  1"	"EM* MWC  137"	94.68967536384	15.281179026279997	"Ae*"
"PK 332-00  1"	"MSX6C G332.1544-00.4487"	244.1699	-51.2851	"HII"
"PK 005+03  1"	"PN Pe  1-9"	266.40315461874	-23.04064412639	"PN"
"PK 216-04  1"	"PN We  1-5"	100.39411402958001	-5.04321600335	"PN"
