name,ra,dec,mag
mess003,205.8583333,28.2441667,6.3
mess013,250.4225,36.4603,5.8
mess092,259.2808,43.1361,6.5
