Name,RA_h,Dec,Magnitude
M 3,13.70333,28.3775,6.2
M 13,16.69489,36.4603,5.8
